,atlas_rn,rn
0,AR1,R05668
2,AR3,R10459
26,AR27,R06917
29,AR30,R06891
37,AR38,R06983
63,AR64,R07058
85,AR86,R08945
90,AR91,R07141
96,AR97,R07428
110,AR111,R07898
111,AR112,R07985
112,AR113,R07890
113,AR114,R07894
114,AR115,R07936
115,AR116,R07952
117,AR118,R08094
118,AR119,R08281
119,AR120,R08914
120,AR121,R08306
138,AR139,R08892
141,AR142,R08916
144,AR145,R10918
149,AR150,R09129
157,AR158,R09069
158,AR159,R09055
174,AR175,R10719
186,AR187,R10310
190,AR191,R10113
195,AR196,R09988
196,AR197,R09986
197,AR198,R10156
198,AR199,R10217
199,AR200,R10218
208,AR209,R10917
210,AR211,R06594
213,AR214,R00300
215,AR216,R10785
216,AR217,R10985
218,AR219,R10519
219,AR220,R10520
221,AR222,R00842
222,AR223,R00717
223,AR224,R01429
225,AR226,R08557
226,AR227,R01034
227,AR228,R01036
230,AR231,R00605
231,AR232,R01183
233,AR234,R00342
234,AR235,R01513
237,AR238,R01542
240,AR241,R03012
241,AR242,R02343
244,AR245,R02683
245,AR246,R01778
249,AR250,R02878
251,AR252,R02545
252,AR253,R01487
253,AR254,R10717
254,AR255,R02257
255,AR256,R02580
256,AR257,R02637
257,AR258,R02651
261,AR262,R02792
266,AR267,R02124
268,AR269,R11342
269,AR270,R02819
270,AR271,R03584
271,AR272,R02993
274,AR275,R02395
276,AR277,R00754
277,AR278,R10308
280,AR281,R00703
281,AR282,R01465
284,AR285,R10842
285,AR286,R00623
287,AR288,R01738
288,AR289,R02640
290,AR291,R01388
291,AR292,R01745
292,AR293,R01773
294,AR295,R01872
296,AR297,R03396
298,AR299,R02032
305,AR306,R10715
306,AR307,R08141
308,AR309,R06847
309,AR310,R08926
310,AR311,R02471
312,AR313,R02476
313,AR314,R01836
315,AR316,R01644
316,AR317,R03261
318,AR319,R10412
319,AR320,R01975
320,AR321,R03278
321,AR322,R02047
323,AR324,R02834
324,AR325,R02462
326,AR327,R02229
327,AR328,R03043
328,AR329,R05515
329,AR330,R09957
331,AR332,R02352
332,AR333,R02679
333,AR334,R06117
336,AR337,R01608
337,AR338,R03290
342,AR343,R01524
344,AR345,R08198
345,AR346,R01361
346,AR347,R03226
349,AR350,R01781
351,AR352,R02944
355,AR356,R01932
356,AR357,R03373
358,AR359,R02766
359,AR360,R03577
361,AR362,R00624
362,AR363,R03733
364,AR365,R03582
365,AR366,R03790
370,AR371,R04139
372,AR373,R03591
376,AR377,R10703
377,AR378,R04412
378,AR379,R08709
381,AR382,R02553
382,AR383,R01971
383,AR384,R07148
384,AR385,R03863
386,AR387,R09984
387,AR388,R03945
388,AR389,R03119
389,AR390,R03847
391,AR392,R03745
393,AR394,R02969
394,AR395,R04210
400,AR401,R03942
401,AR402,R03963
407,AR408,R10222
408,AR409,R10422
417,AR418,R03886
419,AR420,R04049
422,AR423,R10981
424,AR425,R03021
425,AR426,R03707
426,AR427,R04330
435,AR436,R02994
442,AR443,R10190
443,AR444,R03759
447,AR448,R03497
448,AR449,R10021
450,AR451,R04185
451,AR452,R10690
453,AR454,R03176
455,AR456,R04236
461,AR462,R03336
462,AR463,R03279
466,AR467,R02207
467,AR468,R03406
468,AR469,R04880
470,AR471,R01370
472,AR473,R02377
473,AR474,R01000
479,AR480,R03431
481,AR482,R10140
483,AR484,R04278
487,AR488,R04307
488,AR489,R04203
489,AR490,R04426
490,AR491,R05315
496,AR497,R04517
501,AR502,R10718
502,AR503,R04737
504,AR505,R04741
506,AR507,R10420
507,AR508,R04681
512,AR513,R04745
513,AR514,R04748
514,AR515,R04829
517,AR518,R04832
518,AR519,R04835
520,AR521,R04743
521,AR522,R03104
523,AR524,R04805
524,AR525,R03507
525,AR526,R04810
526,AR527,R04812
527,AR528,R04837
529,AR530,R04842
530,AR531,R04845
531,AR532,R04831
533,AR534,R04834
534,AR535,R04844
535,AR536,R04847
546,AR547,R04818
547,AR548,R04824
548,AR549,R05581
550,AR551,R05282
551,AR552,R04862
555,AR556,R02611
563,AR564,R04304
564,AR565,R05681
566,AR567,R05283
567,AR568,R05271
568,AR569,R05678
569,AR570,R03544
571,AR572,R09478
579,AR580,R05232
580,AR581,R05233
583,AR584,R05349
584,AR585,R05305
586,AR587,R07104
588,AR589,R10128
589,AR590,R05352
593,AR594,R06399
595,AR596,R05348
596,AR597,R05347
598,AR599,R05685
615,AR616,R10783
640,AR641,R10125
646,AR647,R05582
647,AR648,R05575
654,AR655,R05689
662,AR663,R06376
669,AR670,R05693
671,AR672,R06941
689,AR690,R06413
706,AR707,R07999
711,AR712,R08084
731,AR732,R05694
732,AR733,R05827
742,AR743,R06436
744,AR745,R06434
750,AR751,R06474
751,AR752,R06475
752,AR753,R06472
753,AR754,R06473
756,AR757,R06610
758,AR759,R06570
759,AR760,R06571
764,AR765,R06629
776,AR777,R06677
777,AR778,R06682
780,AR781,R06642
783,AR784,R10114
796,AR797,R08955
804,AR805,R07140
854,AR855,R08980
865,AR866,R07142
876,AR877,R07737
877,AR878,R07759
878,AR879,R07763
886,AR887,R07998
891,AR892,R08915
908,AR909,R10130
911,AR912,R09928
912,AR913,R09926
919,AR920,R08917
920,AR921,R08958
921,AR922,R09070
928,AR929,R09262
929,AR930,R09263
930,AR931,R09264
933,AR934,R09420
948,AR949,R09546
950,AR951,R09806
957,AR958,R09927
958,AR959,R09929
960,AR961,R09987
966,AR967,R10116
967,AR968,R10120
972,AR973,R10309
978,AR979,R10665
982,AR983,R10919
984,AR985,R03667
986,AR987,R03583
989,AR990,R08711
991,AR992,R02034
997,AR998,R02177
998,AR999,R03520
1002,AR1003,R09932
1005,AR1006,R01740
1007,AR1008,R01739
1008,AR1009,R01392
1009,AR1010,R01747
1010,AR1011,R01775
1012,AR1013,R01813
1014,AR1015,R06846
1015,AR1016,R01899
1016,AR1017,R01708
1020,AR1021,R05692
1021,AR1022,R02820
1022,AR1023,R03585
1026,AR1027,R02353
1027,AR1028,R02680
1028,AR1029,R03114
1030,AR1031,R09281
1035,AR1036,R07147
1038,AR1039,R06126
1041,AR1042,R00835
1042,AR1043,R00845
1043,AR1044,R00844
1045,AR1046,R08558
1046,AR1047,R01039
1047,AR1048,R01041
1049,AR1050,R03586
1051,AR1052,R09954
1053,AR1054,R00343
1054,AR1055,R00465
1055,AR1056,R01430
1059,AR1060,R10851
1067,AR1068,R01543
1069,AR1070,R00625
1070,AR1071,R02260
1071,AR1072,R02856
1072,AR1073,R00746
1073,AR1074,R08379
1076,AR1077,R02413
1078,AR1079,R08573
1081,AR1082,R02472
1082,AR1083,R02477
1083,AR1084,R01838
1085,AR1086,R01488
1087,AR1088,R02259
1089,AR1090,R02593
1090,AR1091,R02639
1093,AR1094,R02581
1094,AR1095,R02684
1096,AR1097,R10826
1098,AR1099,R03234
1100,AR1101,R02756
1103,AR1104,R02793
1104,AR1105,R02800
1105,AR1106,R02832
1106,AR1107,R02836
1109,AR1110,R02978
1113,AR1114,R03044
1114,AR1115,R03155
1115,AR1116,R09289
1116,AR1117,R03292
1119,AR1120,R03183
1120,AR1121,R08879
1121,AR1122,R01525
1125,AR1126,R03227
1129,AR1130,R03264
1130,AR1131,R01976
1137,AR1138,R02767
1140,AR1141,R04099
1143,AR1144,R03918
1145,AR1146,R09985
1148,AR1149,R00871
1149,AR1150,R03581
1150,AR1151,R03592
1153,AR1154,R03557
1156,AR1157,R03054
1161,AR1162,R10528
1163,AR1164,R01550
1165,AR1166,R03572
1167,AR1168,R03848
1169,AR1170,R03864
1170,AR1171,R03879
1172,AR1173,R03827
1175,AR1176,R07437
1183,AR1184,R03716
1185,AR1186,R10423
1186,AR1187,R02975
1187,AR1188,R03753
1192,AR1193,R04344
1199,AR1200,R02776
1206,AR1207,R05823
1208,AR1209,R04136
1209,AR1210,R03498
1214,AR1215,R11341
1219,AR1220,R03123
1222,AR1223,R03338
1224,AR1225,R04186
1229,AR1230,R04105
1232,AR1233,R04360
1233,AR1234,R11145
1234,AR1235,R03357
1235,AR1236,R04440
1236,AR1237,R02209
1237,AR1238,R05068
1239,AR1240,R04285
1241,AR1242,R03407
1248,AR1249,R03325
1249,AR1250,R04370
1251,AR1252,R04387
1252,AR1253,R04533
1254,AR1255,R04536
1255,AR1256,R04543
1257,AR1258,R04566
1258,AR1259,R04552
1259,AR1260,R04518
1262,AR1263,R04623
1264,AR1265,R07495
1265,AR1266,R05691
1266,AR1267,R02600
1267,AR1268,R10421
1268,AR1269,R04682
1270,AR1271,R04697
1271,AR1272,R02528
1278,AR1279,R04758
1287,AR1288,R04279
1293,AR1294,R04819
1294,AR1295,R04825
1295,AR1296,R04830
1298,AR1299,R04833
1299,AR1300,R04836
1301,AR1302,R04838
1302,AR1303,R04840
1303,AR1304,R04843
1304,AR1305,R04846
1309,AR1310,R08959
1310,AR1311,R08960
1314,AR1315,R01371
1316,AR1317,R04919
1317,AR1318,R04953
1318,AR1319,R04964
1321,AR1322,R03636
1322,AR1323,R04901
1323,AR1324,R05038
1335,AR1336,R05231
1336,AR1337,R03545
1338,AR1339,R05124
1341,AR1342,R08861
1346,AR1347,R08562
1347,AR1348,R08492
1350,AR1351,R05526
1351,AR1352,R05471
1353,AR1354,R05350
1366,AR1367,R05682
1367,AR1368,R05686
1411,AR1412,R10848
1412,AR1413,R05604
1413,AR1414,R00868
1414,AR1415,R00758
1423,AR1424,R07143
1424,AR1425,R00870
1434,AR1435,R08721
1435,AR1436,R08723
1440,AR1441,R08728
1442,AR1443,R01837
1443,AR1444,R02216
1444,AR1445,R09920
1446,AR1447,R04263
1448,AR1449,R02499
1449,AR1450,R03327
1450,AR1451,R04678
1451,AR1452,R04163
1452,AR1453,R04849
1453,AR1454,R02840
1454,AR1455,R08724
1476,AR1477,R04264
1491,AR1492,R10565
1492,AR1493,R09477
1493,AR1494,R01093
1494,AR1495,R02928
1495,AR1496,R02246
1509,AR1510,R07676
1510,AR1511,R01431
1511,AR1512,R01787
1512,AR1513,R07346
1513,AR1514,R02247
1515,AR1516,R01817
1527,AR1528,R08214
1528,AR1529,R08215
1530,AR1531,R08621
1531,AR1532,R08625
1532,AR1533,R08629
1533,AR1534,R08636
1534,AR1535,R08642
1535,AR1536,R08646
1537,AR1538,R10502
1539,AR1540,R07658
1543,AR1544,R00214
1544,AR1545,R00709
1545,AR1546,R10221
1549,AR1550,R01211
1556,AR1557,R11726
1558,AR1559,R10052
1559,AR1560,R04483
1560,AR1561,R01934
1561,AR1562,R00994
1562,AR1563,R05837
1569,AR1570,R07494
1584,AR1585,R00216
1586,AR1587,R10852
1588,AR1589,R00267
1589,AR1590,R01528
1602,AR1603,R07149
1608,AR1609,R05069
1609,AR1610,R03052
1610,AR1611,R00217
1611,AR1612,R00233
1612,AR1613,R01366
1613,AR1614,R06973
1615,AR1616,R09483
1617,AR1618,R00923
1619,AR1620,R02948
1621,AR1622,R09482
1629,AR1630,R03747
1632,AR1633,R03758
1637,AR1638,R01652
1638,AR1639,R00268
1640,AR1641,R01936
1641,AR1642,R00995
1643,AR1644,R05173
1646,AR1647,R07406
1647,AR1648,R06830
1651,AR1652,R09958
1653,AR1654,R10884
1655,AR1656,R03051
1661,AR1662,R08307
1666,AR1667,R09783
1668,AR1669,R11677
1670,AR1671,R01446
1674,AR1675,R10860
1675,AR1676,R01130
1677,AR1678,R01825
1679,AR1680,R03869
1680,AR1681,R02103
1681,AR1682,R01337
1682,AR1683,R00203
1683,AR1684,R01752
1685,AR1686,R03506
1691,AR1692,R01163
1699,AR1700,R06408
1700,AR1701,R04418
1702,AR1703,R04506
1703,AR1704,R04882
1704,AR1705,R04891
1705,AR1706,R05051
1708,AR1709,R05353
1719,AR1720,R09547
1724,AR1725,R11678
1730,AR1731,R01058
1740,AR1741,R01338
1741,AR1742,R00205
1742,AR1743,R10615
1756,AR1757,R04419
1759,AR1760,R04883
1760,AR1761,R04892
1773,AR1774,R00286
1775,AR1776,R00421
1777,AR1778,R00880
1785,AR1786,R03826
1793,AR1794,R04888
1794,AR1795,R02655
1796,AR1797,R07441
1797,AR1798,R04903
1798,AR1799,R04916
1799,AR1800,R00904
1800,AR1801,R04996
1802,AR1803,R05049
1803,AR1804,R05050
1804,AR1805,R02940
1806,AR1807,R04524
1810,AR1811,R05119
1811,AR1812,R02941
1812,AR1813,R05235
1816,AR1817,R05272
1818,AR1819,R05286
1824,AR1825,R08282
1826,AR1827,R08087
1831,AR1832,R05649
1853,AR1854,R06914
1854,AR1855,R06918
1856,AR1857,R06928
1857,AR1858,R06935
1863,AR1864,R07156
1864,AR1865,R07417
1894,AR1895,R00538
1895,AR1896,R00713
1896,AR1897,R11768
1897,AR1898,R02536
1898,AR1899,R02039
1900,AR1901,R08086
1901,AR1902,R00710
1902,AR1903,R01604
1903,AR1904,R03283
1905,AR1906,R05699
1907,AR1908,R01704
1908,AR1909,R01333
1909,AR1910,R00604
1910,AR1911,R02123
1911,AR1912,R01486
1912,AR1913,R03198
1914,AR1915,R02762
1917,AR1918,R09805
1919,AR1920,R00245
1920,AR1921,R02549
1921,AR1922,R06980
1923,AR1924,R01293
1924,AR1925,R02678
1933,AR1934,R06366
1934,AR1935,R03177
1935,AR1936,R05700
1936,AR1937,R05643
1937,AR1938,R07667
1940,AR1941,R02401
1942,AR1943,R08146
1944,AR1945,R02695
1945,AR1946,R03889
1946,AR1947,R03300
1947,AR1948,R03102
1949,AR1950,R04065
1951,AR1952,R05664
1952,AR1953,R05663
1955,AR1956,R08283
1995,AR1996,R07418
2012,AR2013,R10105
2016,AR2017,R09554
2019,AR2020,R09820
2026,AR2027,R01420
2032,AR2033,R00264
2033,AR2034,R01294
2041,AR2042,R02537
2043,AR2044,R00634
2044,AR2045,R00711
2045,AR2046,R00714
2047,AR2048,R01607
2049,AR2050,R01986
2066,AR2067,R05701
2068,AR2069,R07666
2071,AR2072,R10982
2075,AR2076,R02697
2077,AR2078,R03302
2078,AR2079,R03103
2079,AR2080,R04453
2081,AR2082,R04889
2084,AR2085,R07442
2086,AR2087,R04917
2093,AR2094,R00744
2097,AR2098,R05099
2107,AR2108,R05289
2110,AR2111,R08310
2113,AR2114,R00519
2114,AR2115,R02935
2124,AR2125,R00134
2125,AR2126,R02936
2132,AR2133,R01061
2506,AR2507,R09777
2507,AR2508,R10931
2509,AR2510,R01063
2511,AR2512,R02291
2513,AR2514,R03313
2514,AR2515,R03443
2884,AR2885,R00706
2897,AR2898,R08549
2898,AR2899,R01651
2903,AR2904,R01933
2905,AR2906,R00209
2906,AR2907,R01210
2909,AR2910,R03171
2942,AR2943,R00228
2951,AR2952,R03381
2952,AR2953,R09097
2953,AR2954,R01277
2958,AR2959,R01172
3000,AR3001,R09484
3007,AR3008,R03082
3042,AR3043,R09557
3049,AR3050,R09280
3051,AR3052,R09485
3052,AR3053,R00740
3054,AR3055,R02220
3058,AR3059,R01173
3059,AR3060,R01615
3060,AR3061,R00468
3061,AR3062,R01941
3063,AR3064,R02193
3065,AR3066,R02506
3079,AR3080,R10549
3092,AR3093,R04390
3107,AR3108,R06569
4423,AR4424,R00042
5494,AR5495,R08349
5531,AR5532,R02681
5533,AR5534,R00466
5535,AR5536,R00635
5538,AR5539,R01489
5541,AR5542,R01709
5544,AR5545,R03871
5545,AR5546,R02125
5553,AR5554,R11352
5555,AR5556,R08211
5614,AR5615,R02657
5617,AR5618,R04904
5621,AR5622,R00072
5653,AR5654,R10216
5656,AR5657,R05697
5672,AR5673,R06957
5677,AR5678,R06924
5680,AR5681,R10212
5690,AR5691,R07602
5691,AR5692,R07600
5692,AR5693,R07604
5695,AR5696,R07602
5696,AR5697,R07600
5697,AR5698,R07604
5698,AR5699,R03270
5699,AR5700,R03316
5718,AR5719,R03145
5769,AR5770,R04088
5772,AR5773,R04724
5777,AR5778,R05395
5791,AR5792,R04429
5792,AR5793,R04955
5793,AR5794,R04958
5794,AR5795,R04961
5795,AR5796,R04966
5796,AR5797,R04969
5804,AR5805,R02252
5812,AR5813,R05239
5813,AR5814,R05310
5818,AR5819,R05240
5819,AR5820,R05241
5917,AR5918,R06784
5919,AR5920,R06832
5925,AR5926,R06785
5926,AR5927,R06857
5929,AR5930,R06910
5943,AR5944,R06931
5993,AR5994,R07703
6003,AR6004,R07705
6020,AR6021,R09162
6032,AR6033,R08105
6045,AR6046,R09183
6047,AR6048,R09213
6051,AR6052,R09224
6052,AR6053,R09228
6053,AR6054,R09132
6093,AR6094,R10592
6095,AR6096,R03763
6107,AR6108,R05812
6109,AR6110,R01451
6111,AR6112,R05311
6113,AR6114,R10161
6114,AR6115,R01869
6116,AR6117,R03251
6122,AR6123,R03191
6123,AR6124,R01689
6127,AR6128,R01403
6136,AR6137,R00977
6139,AR6140,R00402
6144,AR6145,R03709
6149,AR6150,R02544
6151,AR6152,R02988
6154,AR6155,R01414
6160,AR6161,R01171
6189,AR6190,R04556
6193,AR6194,R04151
6195,AR6196,R05354
6196,AR6197,R05397
6204,AR6205,R05312
6205,AR6206,R05313
6220,AR6221,R03882
6221,AR6222,R07765
6222,AR6223,R00812
6240,AR6241,R01505
6243,AR6244,R04115
6246,AR6247,R05275
6253,AR6254,R04817
6254,AR6255,R04967
6258,AR6259,R05639
6259,AR6260,R03900
6260,AR6261,R04956
6261,AR6262,R04959
6265,AR6266,R04430
6271,AR6272,R04962
6277,AR6278,R04910
6278,AR6279,R04970
6281,AR6282,R05150
6285,AR6286,R06430
6288,AR6289,R05396
6373,AR6374,R06563
6388,AR6389,R06286
6390,AR6391,R06417
6472,AR6473,R07483
6473,AR6474,R07505
6474,AR6475,R07506
6477,AR6478,R07429
6478,AR6479,R07447
6496,AR6497,R07747
6508,AR6509,R08226
6538,AR6539,R08954
6544,AR6545,R09133
6566,AR6567,R10122
6568,AR6569,R10075
6569,AR6570,R10118
6576,AR6577,R10418
6577,AR6578,R10828
6579,AR6580,R10593
6581,AR6582,R03764
6593,AR6594,R09738
6601,AR6602,R05641
6607,AR6608,R02954
6610,AR6611,R07761
6612,AR6613,R00978
6618,AR6619,R01278
6620,AR6621,R01404
6622,AR6623,R01866
6625,AR6626,R03192
6626,AR6627,R01415
6631,AR6632,R06562
6635,AR6636,R01456
6636,AR6637,R10242
6638,AR6639,R06419
6640,AR6641,R02989
6645,AR6646,R03713
6650,AR6651,R00919
6655,AR6656,R03776
6658,AR6659,R02463
6660,AR6661,R03845
6661,AR6662,R06272
6666,AR6667,R04557
6683,AR6684,R02497
6687,AR6688,R03856
6688,AR6689,R03883
6692,AR6693,R03989
6696,AR6697,R03930
6698,AR6699,R02609
6702,AR6703,R04823
6703,AR6704,R06896
6706,AR6707,R02208
6712,AR6713,R03962
6713,AR6714,R02892
6717,AR6718,R02841
6718,AR6719,R00814
6720,AR6721,R03401
6722,AR6723,R07015
6725,AR6726,R04725
6726,AR6727,R06985
6727,AR6728,R03850
6729,AR6730,R04753
6737,AR6738,R01728
6738,AR6739,R00732
6739,AR6740,R01730
6740,AR6741,R00733
6741,AR6742,R05309
6742,AR6743,R05292
6743,AR6744,R05314
6744,AR6745,R08111
6745,AR6746,R08112
6746,AR6747,R08113
6750,AR6751,R01633
6751,AR6752,R00813
6761,AR6762,R05293
6766,AR6767,R05243
6800,AR6801,R04751
6801,AR6802,R04754
6808,AR6809,R06943
6809,AR6810,R07934
6810,AR6811,R07950
6811,AR6812,R07888
6812,AR6813,R07892
6813,AR6814,R07896
6814,AR6815,R08092
6819,AR6820,R11130
6824,AR6825,R01279
6825,AR6826,R03777
6826,AR6827,R03857
6828,AR6829,R01175
6829,AR6830,R03990
6832,AR6833,R03732
7057,AR7058,R00581
7062,AR7063,R00243
7068,AR7069,R07164
7071,AR7072,R01088
7075,AR7076,R01258
7077,AR7078,R00446
7086,AR7087,R02618
7090,AR7091,R00365
7091,AR7092,R00396
7092,AR7093,R00715
7093,AR7094,R02313
7115,AR7116,R00675
7116,AR7117,R00688
7117,AR7118,R09830
7122,AR7123,R01434
7140,AR7141,R02196
7181,AR7182,R03349
7183,AR7184,R01683
7201,AR7202,R00906
7250,AR7251,R00398
7280,AR7281,R00368
7287,AR7288,R04200
7296,AR7297,R00562
7316,AR7317,R04687
7358,AR7359,R04688
7559,AR7560,R09079
7560,AR7561,R09080
7623,AR7624,R00146
7626,AR7627,R07165
7631,AR7632,R00248
7638,AR7639,R00716
7639,AR7640,R02315
7644,AR7645,R02755
7670,AR7671,R11032
7688,AR7689,R00676
7697,AR7698,R01212
7741,AR7742,R00563
7779,AR7780,R01584
7845,AR7846,R04201
7849,AR7850,R00452
7859,AR7860,R00666
8023,AR8024,R00114
8390,AR8391,R07415
8394,AR8395,R10101
8395,AR8396,R10102
8431,AR8432,R08347
8433,AR8434,R08348
8457,AR8458,R08702
8522,AR8523,R10103
8547,AR8548,R01710
8549,AR8550,R00250
8550,AR8551,R00366
8551,AR8552,R05861
8552,AR8553,R06124
8553,AR8554,R00447
8554,AR8555,R07598
8555,AR8556,R00357
8556,AR8557,R02923
8560,AR8561,R00648
8561,AR8562,R02457
8563,AR8564,R00677
8564,AR8565,R00689
8565,AR8566,R00729
8569,AR8570,R01151
8579,AR8580,R01469
8581,AR8582,R05862
8582,AR8583,R00610
8584,AR8585,R06154
8590,AR8591,R01914
8591,AR8592,R09077
8598,AR8599,R01853
8600,AR8601,R02150
8601,AR8602,R02173
8603,AR8604,R02197
8615,AR8616,R09495
8617,AR8618,R02382
8621,AR8622,R02532
8625,AR8626,R02233
8629,AR8630,R09074
8633,AR8634,R00277
8637,AR8638,R11177
8639,AR8640,R09076
8640,AR8641,R02908
8641,AR8642,R02919
8649,AR8650,R07400
8652,AR8653,R03139
8658,AR8659,R01564
8660,AR8661,R09075
8671,AR8672,R03202
8699,AR8700,R06740
8713,AR8714,R02529
8749,AR8750,R03899
8759,AR8760,R04025
8766,AR8767,R05334
8769,AR8770,R00612
8798,AR8799,R01264
8827,AR8828,R04239
8841,AR8842,R04300
8900,AR8901,R04674
8913,AR8914,R02613
8922,AR8923,R04890
8923,AR8924,R04894
8925,AR8926,R04893
9026,AR9027,R08346
9104,AR9105,R05863
9161,AR9162,R00481
9162,AR9163,R07463
9164,AR9165,R09560
9166,AR9167,R03425
9167,AR9168,R07408
9168,AR9169,R03249
9169,AR9170,R03314
9170,AR9171,R04443
9171,AR9172,R04446
9172,AR9173,R10013
9173,AR9174,R07478
9182,AR9183,R07477
9183,AR9184,R00936
9184,AR9185,R02201
9187,AR9188,R02235
9188,AR9189,R01246
9189,AR9190,R01248
9190,AR9191,R10332
9192,AR9193,R03291
9193,AR9194,R03614
9196,AR9197,R04339
9204,AR9205,R05878
9207,AR9208,R10730
9208,AR9209,R00939
9209,AR9210,R01249
9210,AR9211,R01251
9212,AR9213,R11765
9214,AR9215,R02203
9216,AR9217,R02236
9218,AR9219,R03293
9219,AR9220,R03388
9223,AR9224,R04340
9229,AR9230,R08510
9235,AR9236,R01218
9236,AR9237,R01220
9238,AR9239,R07168
9241,AR9242,R01224
9243,AR9244,R01937
9244,AR9245,R01938
9547,AR9548,R09335
9570,AR9571,R10327
9571,AR9572,R10328
9587,AR9588,R00975
9598,AR9599,R05317
9634,AR9635,R02204
9646,AR9647,R02894
9664,AR9665,R04221
10114,AR10115,R09312
10116,AR10117,R02163
10118,AR10119,R03816
10119,AR10120,R11585
10120,AR10121,R03643
10131,AR10132,R09236
10133,AR10134,R07358
10134,AR10135,R05399
10136,AR10137,R09288
10138,AR10139,R08042
10139,AR10140,R08017
10142,AR10143,R08047
10145,AR10146,R04228
10154,AR10155,R05711
10160,AR10161,R08018
10161,AR10162,R08043
10169,AR10170,R04046
10170,AR10171,R00143
10182,AR10183,R08019
10185,AR10186,R08016
10194,AR10195,R00794
10195,AR10196,R00796
10196,AR10197,R00787
10202,AR10203,R09231
10203,AR10204,R09232
10216,AR10217,R08046
10217,AR10218,R08044
10218,AR10219,R08045
10221,AR10222,R09230
10223,AR10224,R09235
10247,AR10248,R01134
10254,AR10255,R02106
10255,AR10256,R01698
10257,AR10258,R03815
10258,AR10259,R03761
10259,AR10260,R02016
10260,AR10261,R03821
10261,AR10262,R08356
10262,AR10263,R05715
10266,AR10267,R09561
10270,AR10271,R00091
10272,AR10273,R00892
10277,AR10278,R00094
10294,AR10295,R09498
10296,AR10297,R01681
10300,AR10301,R02434
10308,AR10309,R02021
10309,AR10310,R07176
10317,AR10318,R00045
10327,AR10328,R08832
10330,AR10331,R08828
10532,AR10533,R00602
10747,AR10748,R03973
10752,AR10753,R03539
10757,AR10758,R08521
10758,AR10759,R08520
10788,AR10789,R08523
10789,AR10790,R08522
10860,AR10861,R03208
10861,AR10862,R03953
10883,AR10884,R09563
10889,AR10890,R00274
10899,AR10900,R00052
10907,AR10908,R09505
10914,AR10915,R00009
10915,AR10916,R06839
10916,AR10917,R05248
10917,AR10918,R05245
10918,AR10919,R05257
10919,AR10920,R05278
10921,AR10922,R05295
10922,AR10923,R05404
10923,AR10924,R08114
10924,AR10925,R08115
10925,AR10926,R09214
10926,AR10927,R10521
10927,AR10928,R01507
10928,AR10929,R01632
10930,AR10931,R04258
10931,AR10932,R00817
10933,AR10934,R05246
10934,AR10935,R02665
10936,AR10937,R03365
10937,AR10938,R03462
10938,AR10939,R03550
10939,AR10940,R04061
10940,AR10941,R04089
10941,AR10942,R04597
10942,AR10943,R04602
10943,AR10944,R00816
10944,AR10945,R01631
10945,AR10946,R01506
10946,AR10947,R05405
10947,AR10948,R05407
10948,AR10949,R05299
10949,AR10950,R04376
10950,AR10951,R03303
10951,AR10952,R02075
10952,AR10953,R02076
10953,AR10954,R05406
10954,AR10955,R05409
10955,AR10956,R05412
10956,AR10957,R05411
10957,AR10958,R05413
10958,AR10959,R05415
10959,AR10960,R06788
10960,AR10961,R06833
10961,AR10962,R07691
10962,AR10963,R07801
10963,AR10964,R07827
10964,AR10965,R09134
10965,AR10966,R09237
10966,AR10967,R09272
10967,AR10968,R09276
10968,AR10969,R10110
10969,AR10970,R00678
10970,AR10971,R03097
10971,AR10972,R02702
10972,AR10973,R02909
10973,AR10974,R03628
10974,AR10975,R04032
10975,AR10976,R03466
10976,AR10977,R05256
10979,AR10980,R07364
10980,AR10981,R07702
10981,AR10982,R02519
10982,AR10983,R02656
10983,AR10984,R03891
11003,AR11004,R06952
11005,AR11006,R09782
11006,AR11007,R06953
11022,AR11023,R06886
11043,AR11044,R09163
11044,AR11045,R09206
11054,AR11055,R09601
11059,AR11060,R09682
11065,AR11066,R10560
11068,AR11069,R10844
11092,AR11093,R10559
11094,AR11095,R00032
11113,AR11114,R00043
11122,AR11123,R10843
11123,AR11124,R10192
11128,AR11129,R00893
11131,AR11132,R02467
11132,AR11133,R01184
11134,AR11135,R04117
11135,AR11136,R03246
11136,AR11137,R09565
11137,AR11138,R05719
11138,AR11139,R05720
11139,AR11140,R00983
11140,AR11141,R09125
11178,AR11179,R07975
11179,AR11180,R07973
11195,AR11196,R07961
11196,AR11197,R07963
11197,AR11198,R07971
11198,AR11199,R07954
11199,AR11200,R07955
11315,AR11316,R07959
11316,AR11317,R07957
11452,AR11453,R07965
11456,AR11457,R07967
11457,AR11458,R07969
11752,AR11753,R00559
11755,AR11756,R00449
11757,AR11758,R00679
11758,AR11759,R00690
12169,AR12170,R05320
12518,AR12519,R09131
12522,AR12523,R05622
12524,AR12525,R09555
12527,AR12528,R05291
12530,AR12531,R03440
12539,AR12540,R05262
12540,AR12541,R05264
12558,AR12559,R09130
12559,AR12560,R09201
12562,AR12563,R07188
12563,AR12564,R06783
12565,AR12566,R02968
12566,AR12567,R03543
12567,AR12568,R05290
12568,AR12569,R03559
12569,AR12570,R03630
12570,AR12571,R03439
12571,AR12572,R08101
12572,AR12573,R08109
12573,AR12574,R08110
12575,AR12576,R06782
12576,AR12577,R05148
12577,AR12578,R05157
12578,AR12579,R05247
12579,AR12580,R05261
12580,AR12581,R05263
12581,AR12582,R06831
12583,AR12584,R07799
12584,AR12585,R06856
12585,AR12586,R05417
12586,AR12587,R05429
12587,AR12588,R05440
12588,AR12589,R05665
12589,AR12590,R05423
12592,AR12593,R08104
12593,AR12594,R08103
12594,AR12595,R05843
12598,AR12599,R08108
12599,AR12600,R08100
12600,AR12601,R09159
12601,AR12602,R09227
12604,AR12605,R05428
12606,AR12607,R07704
12608,AR12609,R09204
12610,AR12611,R06909
12611,AR12612,R06919
12612,AR12613,R06937
12613,AR12614,R06930
12614,AR12615,R05156
12653,AR12654,R03306
12669,AR12670,R05294
12672,AR12673,R01636
12679,AR12680,R05736
12680,AR12681,R06265
12701,AR12702,R04675
12702,AR12703,R05732
12703,AR12704,R04699
12704,AR12705,R04702
12705,AR12706,R04708
12726,AR12727,R03611
12729,AR12730,R08760
12735,AR12736,R07204
12738,AR12739,R04826
12745,AR12746,R07205
12763,AR12764,R04853
12776,AR12777,R02517
12789,AR12790,R04902
12800,AR12801,R04984
12804,AR12805,R04987
12805,AR12806,R06146
12820,AR12821,R06538
12831,AR12832,R04256
12838,AR12839,R03556
12840,AR12841,R07202
12841,AR12842,R06291
12885,AR12886,R10795
12890,AR12891,R05727
12895,AR12896,R06607
12917,AR12918,R05463
12918,AR12919,R05522
12920,AR12921,R05521
12941,AR12942,R09405
12942,AR12943,R09404
12946,AR12947,R08313
12950,AR12951,R08275
12962,AR12963,R08285
12963,AR12964,R08294
12970,AR12971,R09867
12972,AR12973,R08327
12973,AR12974,R08325
12974,AR12975,R08326
12997,AR12998,R06683
13027,AR13028,R09454
13030,AR13031,R09461
13071,AR13072,R09815
13073,AR13074,R10921
13076,AR13077,R10540
13131,AR13132,R09122
13136,AR13137,R05855
13175,AR13176,R09934
13187,AR13188,R08032
13194,AR13195,R07711
13195,AR13196,R08002
13214,AR13215,R08784
13337,AR13338,R11212
13362,AR13363,R09042
13423,AR13424,R07421
13468,AR13469,R06526
13473,AR13474,R09576
13475,AR13476,R06691
13519,AR13520,R06890
13547,AR13548,R10875
13602,AR13603,R07370
13658,AR13659,R07470
13668,AR13669,R07191
13670,AR13671,R07209
13674,AR13675,R07372
13693,AR13694,R09423
13694,AR13695,R09421
13695,AR13696,R10023
13700,AR13701,R09549
13704,AR13705,R07786
13705,AR13706,R07787
13706,AR13707,R07791
13707,AR13708,R07792
13708,AR13709,R07474
13718,AR13719,R08851
13739,AR13740,R08274
13740,AR13741,R08270
13761,AR13762,R09935
13798,AR13799,R08727
13815,AR13816,R08775
13840,AR13841,R08922
13850,AR13851,R09862
13851,AR13852,R09460
13853,AR13854,R09864
13854,AR13855,R09866
13868,AR13869,R10877
13879,AR13880,R09453
13882,AR13883,R09441
13887,AR13888,R09424
13888,AR13889,R09425
13903,AR13904,R09580
13905,AR13906,R09584
13918,AR13919,R10313
13926,AR13927,R09861
13927,AR13928,R09868
13932,AR13933,R10025
13933,AR13934,R10028
13934,AR13935,R10032
13955,AR13956,R10317
13956,AR13957,R10315
13957,AR13958,R10321
13959,AR13960,R10373
13960,AR13961,R10359
13961,AR13962,R10357
13963,AR13964,R10366
13964,AR13965,R10362
13977,AR13978,R10591
13981,AR13982,R10656
13982,AR13983,R10662
13989,AR13990,R10725
13996,AR13997,R10794
14003,AR14004,R10923
14009,AR14010,R06561
14010,AR14011,R07776
14031,AR14032,R08961
14032,AR14033,R03408
14034,AR14035,R03638
14035,AR14036,R03639
14044,AR14045,R02356
14045,AR14046,R02355
14047,AR14048,R08761
14068,AR14069,R02178
14073,AR14074,R02442
14075,AR14076,R02449
14077,AR14078,R06851
14103,AR14104,R00815
14118,AR14119,R01295
14119,AR14120,R10031
14121,AR14122,R01463
14124,AR14125,R07207
14126,AR14127,R08505
14128,AR14129,R01960
14136,AR14137,R02254
14138,AR14139,R02253
14153,AR14154,R09452
14161,AR14162,R05441
14184,AR14185,R07710
14185,AR14186,R10045
14195,AR14196,R06537
14204,AR14205,R01298
14227,AR14228,R01628
14228,AR14229,R06573
14235,AR14236,R03124
14239,AR14240,R10027
14247,AR14248,R06525
14253,AR14254,R04342
14257,AR14258,R10258
14259,AR14260,R08815
14260,AR14261,R06560
14261,AR14262,R03006
14290,AR14291,R00448
14308,AR14309,R10789
14310,AR14311,R09583
14314,AR14315,R09579
14316,AR14317,R00730
14323,AR14324,R09451
14326,AR14327,R02468
14327,AR14328,R02469
14328,AR14329,R02470
14341,AR14342,R07369
14343,AR14344,R08392
14344,AR14345,R08390
14357,AR14358,R07054
14358,AR14359,R07046
14359,AR14360,R07041
14382,AR14383,R11358
14386,AR14387,R02339
14403,AR14404,R06308
14404,AR14405,R06309
14405,AR14406,R07208
14415,AR14416,R08943
14425,AR14426,R06688
14433,AR14434,R09515
14437,AR14438,R05250
14438,AR14439,R05249
14443,AR14444,R03089
14446,AR14447,R03090
14462,AR14463,R03560
14464,AR14465,R03562
14467,AR14468,R03566
14472,AR14473,R03568
14474,AR14475,R03608
14482,AR14483,R07440
14484,AR14485,R09812
14507,AR14508,R08267
14508,AR14509,R08271
14523,AR14524,R03610
14524,AR14525,R09516
14526,AR14527,R06690
14528,AR14529,R10077
14537,AR14538,R10260
14540,AR14541,R05877
14549,AR14550,R08203
14555,AR14556,R03866
14573,AR14574,R06464
14574,AR14575,R10626
14605,AR14606,R10728
14608,AR14609,R05828
14609,AR14610,R05832
14626,AR14627,R06294
14629,AR14630,R06296
14630,AR14631,R06351
14642,AR14643,R08304
14643,AR14644,R08303
14663,AR14664,R05270
14682,AR14683,R06582
14698,AR14699,R06572
14724,AR14725,R04460
14725,AR14726,R07203
14736,AR14737,R09198
14745,AR14746,R07371
14746,AR14747,R03997
14769,AR14770,R02708
14791,AR14792,R03452
14834,AR14835,R05738
14876,AR14877,R03299
14877,AR14878,R02515
14966,AR14967,R05450
14983,AR14984,R05266
14994,AR14995,R05158
15042,AR15043,R05288
15075,AR15076,R05487
15080,AR15081,R05448
15085,AR15086,R05425
15104,AR15105,R05443
15108,AR15109,R05442
15154,AR15155,R05422
15205,AR15206,R07568
15207,AR15208,R07559
15208,AR15209,R07562
15209,AR15210,R07561
15527,AR15528,R06945
15540,AR15541,R05655
15546,AR15547,R06786
15551,AR15552,R05734
15678,AR15679,R06787
15704,AR15705,R06884
15713,AR15714,R06916
15893,AR15894,R07569
15894,AR15895,R07570
15895,AR15896,R07572
15896,AR15897,R07851
16085,AR16086,R09148
16155,AR16156,R09860
16203,AR16204,R10467
16217,AR16218,R10702
16240,AR16241,R04130
16307,AR16308,R10043
16323,AR16324,R02354
16332,AR16333,R02383
16334,AR16335,R10790
16365,AR16366,R03964
16370,AR16371,R07709
16393,AR16394,R03637
16467,AR16468,R05281
16527,AR16528,R01296
16635,AR16636,R02589
16640,AR16641,R09859
16654,AR16655,R02698
16659,AR16660,R03088
16669,AR16670,R02830
16672,AR16673,R05273
16684,AR16685,R03023
16694,AR16695,R03369
16697,AR16698,R10042
16739,AR16740,R03476
16759,AR16760,R05666
16762,AR16763,R07665
16777,AR16778,R11347
16785,AR16786,R07558
16962,AR16963,R04366
16971,AR16972,R04501
17010,AR17011,R07530
17095,AR17096,R10181
17102,AR17103,R01299
17109,AR17110,R01630
17112,AR17113,R02562
17154,AR17155,R09818
17186,AR17187,R06915
17190,AR17191,R06939
17191,AR17192,R06936
17217,AR17218,R05632
17224,AR17225,R01297
17231,AR17232,R01629
17236,AR17237,R02561
17241,AR17242,R00818
17245,AR17246,R08764
17294,AR17295,R05866
17302,AR17303,R07068
17303,AR17304,R07066
17315,AR17316,R07089
17316,AR17317,R07022
17322,AR17323,R07075
17325,AR17326,R07085
17331,AR17332,R10925
17332,AR17333,R08148
17333,AR17334,R09406
17336,AR17337,R10879
17337,AR17338,R10878
17341,AR17342,R09416
17342,AR17343,R09418
17346,AR17347,R10350
17347,AR17348,R10351
17356,AR17357,R01453
17357,AR17358,R07051
17358,AR17359,R07052
17359,AR17360,R07050
17360,AR17361,R07048
17362,AR17363,R09389
17364,AR17365,R09838
17366,AR17367,R02874
17367,AR17368,R08391
17369,AR17370,R07000
17374,AR17375,R07055
17375,AR17376,R07056
17385,AR17386,R07016
17387,AR17388,R04789
17388,AR17389,R07199
17392,AR17393,R07098
17394,AR17395,R09408
17395,AR17396,R08312
17398,AR17399,R07079
17399,AR17400,R07080
17405,AR17406,R07200
17419,AR17420,R07081
17420,AR17421,R07087
17423,AR17424,R09442
17433,AR17434,R06406
17434,AR17435,R09141
17435,AR17436,R11901
17442,AR17443,R06947
17465,AR17466,R05653
17466,AR17467,R05654
17467,AR17468,R05729
17527,AR17528,R05444
17539,AR17540,R06398
17547,AR17548,R06946
17552,AR17553,R02823
17573,AR17574,R06892
17574,AR17575,R07422
17575,AR17576,R06388
17576,AR17577,R06386
17582,AR17583,R06400
17592,AR17593,R07201
17608,AR17609,R10155
17609,AR17610,R10154
17611,AR17612,R10477
17612,AR17613,R10478
17613,AR17614,R08205
17623,AR17624,R02210
17624,AR17625,R02231
17626,AR17627,R02554
17630,AR17631,R08925
17631,AR17632,R02995
17632,AR17633,R03281
17633,AR17634,R06622
17651,AR17652,R10044
17666,AR17667,R03712
17671,AR17672,R04523
17672,AR17673,R08266
17675,AR17676,R07373
17677,AR17678,R05623
17679,AR17680,R03344
17718,AR17719,R00980
19248,AR19249,R03982
19740,AR19741,R00828
19812,AR19813,R04854
19813,AR19814,R04855
20349,AR20350,R01454
20350,AR20351,R02723
20364,AR20365,R02725
20380,AR20381,R02218
20449,AR20450,R03329
20519,AR20520,R03851
20602,AR20603,R04850
20603,AR20604,R02843
20935,AR20936,R07213
20936,AR20937,R10729
20937,AR20938,R07211
20938,AR20939,R07212
21301,AR21302,R01115
21306,AR21307,R08505
21313,AR21314,R01803
21333,AR21334,R02879
21570,AR21571,R05321
21616,AR21617,R09937
21617,AR21618,R09936
21618,AR21619,R08209
21620,AR21621,R07978
21622,AR21623,R07977
21623,AR21624,R07979
21624,AR21625,R07942
21629,AR21630,R02107
21638,AR21639,R00069
21679,AR21680,R02014
21680,AR21681,R02017
21681,AR21682,R02018
21683,AR21684,R02019
21684,AR21685,R02020
21686,AR21687,R02022
21687,AR21688,R02023
21691,AR21692,R02024
21697,AR21698,R04315
21708,AR21709,R04294
