,rn
0,R00001
1,R00002
2,R00004
3,R00005
4,R00005
6,R00008
7,R00009
8,R00009
10,R00011
11,R00012
12,R00013
15,R00014
16,R00015
17,R00017
18,R00018
19,R00019
20,R00021
22,R00023
23,R00024
24,R00025
27,R00027
30,R00029
31,R00031
32,R00031
33,R00032
34,R00032
35,R00033
36,R00034
37,R00036
38,R00038
39,R00039
40,R00041
41,R00042
42,R00043
43,R00044
44,R00045
45,R00045
47,R00049
48,R00052
51,R00055
52,R00056
53,R00056
55,R00058
56,R00058
57,R00059
58,R00060
59,R00061
60,R00062
61,R00063
62,R00066
63,R00067
64,R00068
65,R00069
66,R00072
67,R00073
68,R00074
69,R00075
71,R00077
72,R00078
73,R00080
74,R00080
75,R00081
77,R00082
79,R00083
80,R00084
81,R00085
82,R00086
83,R00086
84,R00086
85,R00086
86,R00086
87,R00086
88,R00086
89,R00086
90,R00086
91,R00086
92,R00086
93,R00086
94,R00086
95,R00086
96,R00086
97,R00086
98,R00086
99,R00086
100,R00086
101,R00086
102,R00086
103,R00086
104,R00086
105,R00086
106,R00086
107,R00086
108,R00086
109,R00086
110,R00086
111,R00086
112,R00086
113,R00086
114,R00086
115,R00086
116,R00086
117,R00086
118,R00086
119,R00086
120,R00086
121,R00086
122,R00086
123,R00086
124,R00086
125,R00086
126,R00086
127,R00086
128,R00086
129,R00086
130,R00086
131,R00086
132,R00086
133,R00086
134,R00086
135,R00086
136,R00086
137,R00086
151,R00087
152,R00088
153,R00089
154,R00090
155,R00092
156,R00093
157,R00093
158,R00094
159,R00095
161,R00097
162,R00099
168,R00103
169,R00103
170,R00103
171,R00104
172,R00105
174,R00107
177,R00111
178,R00111
182,R00113
183,R00114
184,R00114
185,R00115
189,R00122
190,R00123
193,R00125
194,R00126
197,R00128
198,R00129
199,R00130
200,R00130
201,R00131
202,R00132
203,R00134
204,R00135
205,R00135
206,R00137
207,R00137
208,R00137
209,R00138
213,R00143
214,R00143
215,R00143
216,R00145
217,R00145
218,R00145
219,R00145
220,R00145
221,R00145
222,R00145
223,R00145
224,R00145
225,R00145
226,R00145
227,R00145
228,R00145
229,R00146
230,R00146
231,R00146
232,R00146
233,R00146
234,R00146
235,R00146
236,R00146
237,R00146
238,R00146
239,R00146
240,R00146
241,R00146
242,R00148
243,R00148
244,R00149
246,R00153
247,R00155
248,R00155
256,R00159
257,R00159
258,R00160
259,R00160
260,R00160
261,R00160
262,R00161
263,R00161
277,R00162
278,R00162
279,R00164
280,R00173
281,R00174
283,R00177
284,R00178
285,R00179
286,R00180
287,R00181
288,R00181
290,R00183
291,R00183
292,R00183
293,R00183
294,R00184
295,R00184
296,R00185
297,R00185
298,R00185
299,R00187
300,R00188
303,R00190
304,R00190
305,R00191
306,R00191
307,R00191
309,R00193
312,R00195
316,R00199
317,R00200
318,R00203
319,R00203
320,R00203
321,R00205
322,R00206
323,R00207
324,R00208
326,R00209
327,R00209
328,R00210
329,R00211
330,R00212
331,R00213
332,R00214
333,R00214
334,R00215
335,R00215
336,R00215
337,R00216
338,R00217
339,R00217
340,R00217
341,R00218
342,R00220
343,R00220
344,R00221
345,R00223
346,R00224
348,R00227
349,R00228
350,R00228
351,R00228
353,R00230
354,R00233
355,R00234
358,R00237
359,R00237
360,R00238
361,R00239
364,R00243
365,R00243
366,R00243
367,R00245
368,R00245
369,R00248
370,R00248
371,R00248
372,R00248
374,R00251
376,R00254
377,R00256
378,R00256
380,R00256
381,R00256
382,R00256
384,R00256
393,R00259
394,R00259
397,R00261
398,R00262
399,R00264
400,R00264
401,R00265
402,R00267
403,R00268
404,R00269
405,R00269
407,R00272
408,R00273
409,R00274
410,R00275
411,R00276
416,R00280
417,R00281
418,R00281
419,R00282
420,R00283
421,R00284
422,R00286
423,R00287
424,R00287
425,R00287
426,R00287
427,R00289
428,R00289
429,R00291
430,R00292
431,R00292
432,R00293
433,R00294
434,R00295
435,R00295
436,R00296
437,R00297
438,R00298
439,R00299
440,R00299
441,R00300
442,R00300
443,R00301
444,R00302
445,R00303
446,R00303
447,R00304
448,R00305
451,R00307
453,R00310
454,R00311
458,R00317
459,R00318
462,R00321
463,R00322
465,R00325
466,R00326
468,R00328
469,R00328
470,R00328
471,R00329
478,R00335
485,R00336
488,R00339
489,R00340
490,R00341
491,R00342
492,R00342
493,R00343
494,R00343
495,R00344
496,R00345
497,R00346
498,R00347
499,R00348
500,R00350
506,R00354
512,R00360
513,R00361
515,R00362
516,R00362
519,R00365
520,R00365
523,R00367
524,R00367
525,R00367
533,R00371
542,R00375
544,R00376
546,R00377
548,R00378
550,R00379
551,R00379
552,R00379
553,R00380
561,R00383
562,R00383
563,R00383
564,R00384
565,R00385
566,R00387
570,R00391
575,R00395
576,R00396
577,R00397
581,R00402
584,R00407
585,R00409
587,R00411
588,R00414
590,R00414
591,R00416
592,R00416
593,R00416
594,R00417
595,R00418
596,R00418
597,R00420
598,R00421
599,R00424
600,R00425
601,R00425
602,R00426
603,R00426
604,R00426
605,R00428
607,R00430
608,R00431
611,R00434
612,R00434
613,R00435
614,R00435
615,R00435
617,R00437
618,R00438
619,R00439
620,R00440
621,R00441
622,R00441
623,R00442
624,R00442
625,R00443
626,R00443
627,R00443
628,R00444
629,R00444
630,R00445
631,R00446
633,R00448
636,R00451
640,R00458
643,R00461
644,R00462
645,R00463
646,R00465
647,R00465
648,R00466
649,R00468
650,R00469
651,R00470
652,R00470
653,R00470
654,R00471
656,R00473
657,R00473
658,R00473
660,R00475
661,R00476
662,R00477
663,R00478
664,R00479
665,R00480
667,R00480
669,R00481
673,R00484
674,R00485
675,R00485
678,R00486
679,R00487
680,R00488
681,R00489
682,R00489
683,R00489
684,R00489
685,R00490
691,R00499
692,R00502
693,R00502
694,R00503
695,R00503
696,R00503
697,R00504
698,R00505
699,R00507
700,R00507
701,R00507
702,R00508
703,R00508
704,R00508
705,R00509
706,R00509
708,R00511
709,R00511
710,R00511
711,R00511
712,R00511
716,R00513
717,R00514
718,R00515
719,R00515
720,R00516
721,R00517
723,R00519
724,R00521
725,R00522
726,R00524
727,R00525
728,R00526
729,R00526
730,R00527
731,R00528
732,R00529
733,R00529
734,R00530
735,R00531
736,R00532
739,R00535
740,R00536
741,R00537
742,R00538
743,R00538
744,R00539
749,R00542
751,R00544
752,R00544
753,R00545
754,R00546
755,R00547
756,R00548
757,R00548
758,R00548
759,R00549
760,R00549
761,R00550
762,R00551
763,R00552
765,R00555
766,R00557
767,R00557
768,R00558
769,R00558
774,R00566
776,R00568
777,R00569
780,R00571
781,R00572
782,R00573
783,R00574
785,R00575
788,R00577
791,R00581
792,R00582
793,R00582
794,R00584
798,R00586
804,R00590
805,R00590
806,R00594
807,R00595
808,R00595
809,R00595
810,R00597
811,R00599
812,R00600
813,R00601
814,R00602
815,R00602
816,R00602
817,R00602
819,R00604
820,R00605
822,R00608
823,R00609
824,R00610
825,R00610
826,R00611
827,R00612
829,R00615
833,R00618
836,R00623
837,R00623
838,R00623
839,R00623
840,R00624
841,R00625
842,R00625
843,R00626
844,R00626
845,R00627
847,R00629
849,R00631
850,R00631
851,R00631
852,R00631
853,R00631
854,R00634
855,R00634
856,R00635
857,R00636
858,R00637
859,R00638
860,R00638
861,R00639
864,R00644
865,R00647
867,R00649
868,R00650
869,R00651
871,R00653
872,R00654
874,R00656
875,R00657
876,R00658
877,R00659
878,R00660
879,R00661
880,R00662
881,R00662
882,R00662
883,R00664
884,R00665
889,R00669
890,R00669
891,R00670
892,R00671
896,R00673
897,R00674
898,R00674
899,R00675
900,R00676
902,R00678
903,R00678
905,R00681
906,R00682
908,R00685
910,R00688
913,R00691
914,R00691
915,R00691
918,R00693
929,R00697
930,R00697
931,R00698
932,R00699
933,R00699
934,R00700
935,R00700
936,R00702
937,R00702
938,R00702
939,R00703
940,R00704
941,R00705
942,R00705
943,R00706
944,R00706
945,R00707
946,R00707
947,R00708
948,R00708
949,R00709
950,R00709
951,R00710
952,R00710
953,R00710
954,R00710
955,R00710
956,R00711
957,R00711
958,R00713
959,R00713
960,R00713
961,R00713
962,R00714
963,R00714
964,R00714
965,R00714
969,R00717
970,R00717
971,R00719
972,R00720
973,R00720
974,R00720
977,R00723
978,R00724
979,R00725
980,R00726
983,R00728
985,R00730
986,R00731
987,R00732
988,R00732
989,R00732
990,R00733
991,R00733
1002,R00736
1003,R00736
1004,R00736
1005,R00737
1006,R00737
1007,R00739
1008,R00740
1009,R00740
1010,R00740
1011,R00742
1012,R00742
1013,R00742
1015,R00746
1016,R00746
1017,R00747
1018,R00748
1019,R00749
1020,R00750
1021,R00750
1022,R00751
1023,R00753
1024,R00754
1025,R00754
1026,R00754
1027,R00754
1028,R00755
1029,R00756
1030,R00758
1031,R00760
1032,R00760
1033,R00761
1034,R00761
1035,R00762
1036,R00762
1037,R00762
1038,R00763
1039,R00764
1041,R00766
1042,R00767
1044,R00769
1045,R00770
1046,R00771
1047,R00772
1048,R00774
1049,R00774
1050,R00775
1052,R00777
1053,R00778
1054,R00781
1055,R00782
1056,R00782
1057,R00782
1058,R00783
1059,R00783
1060,R00784
1061,R00785
1062,R00785
1063,R00787
1064,R00787
1065,R00789
1066,R00790
1067,R00791
1069,R00794
1070,R00794
1071,R00794
1072,R00796
1073,R00796
1074,R00796
1075,R00798
1076,R00799
1086,R00803
1087,R00804
1088,R00805
1089,R00806
1090,R00807
1091,R00808
1092,R00809
1093,R00810
1094,R00811
1095,R00812
1096,R00813
1097,R00814
1098,R00815
1099,R00816
1100,R00817
1101,R00818
1102,R00821
1103,R00822
1104,R00823
1105,R00825
1106,R00827
1107,R00828
1108,R00829
1109,R00829
1110,R00829
1111,R00830
1112,R00832
1113,R00833
1114,R00834
1115,R00835
1116,R00835
1117,R00836
1122,R00841
1123,R00842
1124,R00842
1125,R00844
1126,R00845
1127,R00846
1128,R00847
1129,R00848
1130,R00849
1131,R00850
1132,R00851
1133,R00851
1134,R00853
1135,R00854
1136,R00855
1137,R00855
1138,R00855
1139,R00856
1140,R00857
1141,R00858
1142,R00859
1143,R00860
1144,R00861
1145,R00861
1146,R00863
1148,R00866
1149,R00867
1150,R00867
1151,R00868
1152,R00868
1153,R00870
1154,R00871
1155,R00873
1156,R00874
1157,R00875
1158,R00875
1159,R00876
1160,R00877
1161,R00878
1163,R00880
1164,R00881
1165,R00883
1166,R00885
1167,R00885
1168,R00885
1169,R00888
1170,R00889
1171,R00891
1172,R00891
1173,R00891
1174,R00892
1175,R00893
1180,R00897
1181,R00897
1182,R00897
1183,R00897
1184,R00897
1185,R00899
1186,R00899
1187,R00899
1188,R00899
1189,R00900
1190,R00900
1191,R00901
1193,R00904
1194,R00904
1195,R00904
1196,R00904
1197,R00904
1198,R00904
1199,R00905
1205,R00909
1207,R00911
1209,R00913
1210,R00918
1211,R00919
1212,R00919
1215,R00921
1216,R00921
1217,R00922
1218,R00923
1219,R00923
1225,R00927
1226,R00927
1231,R00934
1232,R00934
1233,R00935
1234,R00935
1236,R00936
1238,R00937
1240,R00939
1242,R00940
1247,R00943
1248,R00943
1249,R00944
1251,R00946
1252,R00947
1253,R00948
1254,R00949
1255,R00951
1256,R00952
1257,R00953
1258,R00954
1259,R00955
1260,R00956
1261,R00957
1262,R00959
1263,R00959
1264,R00959
1265,R00959
1266,R00960
1267,R00961
1268,R00961
1269,R00961
1270,R00961
1271,R00962
1272,R00963
1273,R00963
1274,R00963
1275,R00963
1276,R00964
1277,R00965
1278,R00965
1279,R00966
1280,R00967
1281,R00968
1282,R00969
1283,R00970
1284,R00973
1285,R00974
1287,R00976
1288,R00977
1289,R00978
1290,R00980
1292,R00983
1293,R00984
1294,R00985
1295,R00985
1296,R00985
1297,R00985
1298,R00986
1299,R00986
1300,R00986
1301,R00986
1303,R00988
1304,R00989
1305,R00990
1306,R00994
1307,R00995
1308,R00996
1309,R00996
1312,R00999
1313,R01000
1314,R01001
1315,R01001
1316,R01003
1317,R01004
1318,R01005
1319,R01006
1320,R01007
1321,R01008
1322,R01009
1323,R01010
1324,R01010
1325,R01011
1326,R01012
1327,R01013
1328,R01014
1329,R01015
1330,R01016
1331,R01018
1333,R01021
1334,R01021
1335,R01022
1336,R01023
1337,R01025
1340,R01027
1343,R01030
1344,R01030
1346,R01033
1347,R01034
1348,R01036
1349,R01036
1350,R01039
1351,R01041
1352,R01041
1353,R01041
1354,R01041
1355,R01043
1356,R01044
1357,R01045
1358,R01047
1359,R01048
1361,R01050
1362,R01051
1363,R01052
1364,R01053
1365,R01054
1366,R01054
1367,R01054
1368,R01054
1369,R01054
1370,R01054
1371,R01055
1372,R01055
1373,R01056
1374,R01057
1375,R01057
1376,R01057
1377,R01058
1378,R01058
1379,R01059
1380,R01061
1381,R01061
1382,R01063
1383,R01063
1384,R01064
1385,R01064
1386,R01066
1390,R01068
1391,R01068
1392,R01069
1395,R01070
1396,R01070
1397,R01071
1398,R01072
1399,R01073
1400,R01073
1401,R01074
1403,R01074
1404,R01074
1405,R01074
1406,R01074
1408,R01076
1409,R01077
1410,R01078
1411,R01079
1413,R01081
1414,R01082
1418,R01086
1421,R01088
1422,R01089
1426,R01091
1427,R01092
1428,R01093
1429,R01094
1430,R01095
1431,R01096
1432,R01096
1433,R01096
1434,R01096
1435,R01097
1436,R01097
1437,R01098
1438,R01099
1445,R01106
1446,R01108
1451,R01115
1452,R01117
1453,R01121
1454,R01122
1455,R01123
1456,R01126
1457,R01126
1458,R01126
1459,R01126
1461,R01127
1463,R01130
1464,R01131
1465,R01132
1466,R01132
1467,R01134
1468,R01135
1471,R01138
1472,R01139
1473,R01140
1474,R01142
1475,R01143
1484,R01152
1485,R01153
1486,R01154
1489,R01156
1490,R01157
1491,R01158
1492,R01158
1493,R01158
1494,R01160
1496,R01163
1497,R01163
1498,R01163
1500,R01166
1501,R01166
1502,R01167
1503,R01167
1504,R01168
1505,R01169
1506,R01171
1507,R01171
1508,R01172
1509,R01172
1510,R01172
1511,R01172
1512,R01173
1513,R01174
1517,R01175
1519,R01177
1520,R01177
1525,R01181
1526,R01183
1527,R01183
1528,R01184
1529,R01185
1530,R01185
1531,R01185
1532,R01185
1533,R01186
1534,R01186
1535,R01186
1536,R01186
1537,R01187
1538,R01187
1539,R01187
1540,R01187
1541,R01188
1542,R01189
1543,R01190
1544,R01192
1545,R01193
1547,R01195
1548,R01196
1549,R01197
1550,R01199
1551,R01200
1552,R01201
1553,R01202
1554,R01203
1555,R01204
1556,R01205
1559,R01207
1560,R01209
1561,R01210
1562,R01211
1563,R01212
1564,R01212
1571,R01216
1572,R01217
1574,R01218
1576,R01220
1577,R01220
1579,R01221
1584,R01227
1585,R01227
1586,R01227
1587,R01227
1588,R01228
1589,R01229
1590,R01229
1591,R01229
1592,R01229
1595,R01232
1596,R01233
1597,R01234
1598,R01234
1599,R01235
1600,R01236
1602,R01238
1603,R01239
1604,R01240
1606,R01242
1608,R01244
1619,R01252
1620,R01253
1621,R01253
1624,R01257
1625,R01258
1632,R01263
1633,R01264
1637,R01267
1638,R01268
1639,R01269
1641,R01271
1644,R01274
1645,R01274
1646,R01277
1647,R01278
1648,R01278
1654,R01281
1655,R01283
1656,R01283
1657,R01286
1658,R01287
1659,R01288
1660,R01289
1661,R01290
1662,R01290
1663,R01290
1664,R01291
1666,R01293
1667,R01293
1668,R01294
1669,R01295
1670,R01296
1671,R01297
1672,R01298
1673,R01298
1674,R01299
1677,R01301
1678,R01302
1679,R01302
1680,R01304
1681,R01305
1682,R01306
1683,R01307
1688,R01310
1689,R01312
1692,R01315
1700,R01317
1706,R01318
1707,R01318
1708,R01318
1709,R01319
1710,R01320
1711,R01320
1712,R01320
1713,R01321
1714,R01321
1717,R01324
1718,R01324
1719,R01325
1720,R01325
1721,R01326
1722,R01326
1723,R01327
1724,R01328
1726,R01330
1731,R01333
1732,R01333
1733,R01334
1734,R01334
1736,R01337
1737,R01338
1739,R01341
1744,R01347
1747,R01348
1748,R01349
1756,R01355
1758,R01358
1761,R01360
1762,R01361
1766,R01366
1767,R01367
1768,R01368
1772,R01370
1773,R01370
1774,R01371
1775,R01371
1776,R01372
1777,R01373
1778,R01373
1779,R01373
1783,R01377
1785,R01381
1786,R01381
1787,R01383
1788,R01384
1789,R01385
1790,R01387
1791,R01388
1792,R01388
1793,R01388
1794,R01388
1795,R01392
1796,R01392
1797,R01393
1798,R01394
1801,R01395
1805,R01397
1812,R01402
1813,R01403
1814,R01404
1815,R01404
1816,R01404
1817,R01404
1818,R01404
1819,R01404
1820,R01406
1823,R01408
1824,R01409
1825,R01409
1826,R01409
1827,R01411
1828,R01412
1829,R01413
1830,R01414
1831,R01415
1832,R01416
1834,R01418
1835,R01419
1836,R01420
1837,R01421
1840,R01423
1841,R01424
1842,R01425
1843,R01429
1844,R01429
1845,R01430
1846,R01430
1847,R01431
1848,R01431
1849,R01432
1851,R01434
1852,R01434
1853,R01437
1855,R01441
1856,R01442
1857,R01443
1859,R01445
1860,R01446
1861,R01446
1862,R01447
1866,R01451
1867,R01454
1868,R01456
1869,R01457
1870,R01459
1872,R01461
1873,R01462
1877,R01463
1878,R01465
1879,R01466
1881,R01468
1882,R01468
1884,R01470
1885,R01470
1886,R01471
1887,R01471
1888,R01472
1889,R01473
1890,R01476
1893,R01481
1894,R01481
1895,R01482
1899,R01486
1900,R01487
1901,R01488
1902,R01489
1903,R01490
1904,R01491
1905,R01492
1906,R01493
1907,R01494
1908,R01495
1909,R01496
1910,R01497
1913,R01500
1914,R01500
1916,R01504
1917,R01505
1918,R01506
1919,R01507
1920,R01508
1921,R01511
1923,R01513
1924,R01514
1925,R01515
1926,R01516
1927,R01516
1928,R01516
1930,R01518
1931,R01518
1932,R01518
1933,R01518
1935,R01520
1936,R01521
1937,R01522
1938,R01522
1939,R01523
1940,R01524
1941,R01525
1942,R01526
1943,R01526
1944,R01528
1945,R01528
1946,R01528
1947,R01529
1948,R01530
1949,R01532
1951,R01535
1952,R01538
1953,R01538
1954,R01540
1955,R01541
1956,R01541
1957,R01542
1958,R01542
1959,R01543
1960,R01544
1964,R01548
1965,R01549
1966,R01550
1967,R01553
1968,R01553
1969,R01555
1970,R01556
1972,R01557
1975,R01560
1976,R01561
1977,R01562
1978,R01562
1979,R01562
1980,R01563
1981,R01564
1982,R01565
1983,R01566
1984,R01567
1985,R01568
1986,R01569
1987,R01569
1988,R01569
1989,R01569
1990,R01569
1991,R01569
1992,R01570
1993,R01570
1994,R01571
1995,R01572
1996,R01573
1997,R01574
1998,R01574
1999,R01575
2000,R01576
2001,R01577
2002,R01579
2003,R01579
2004,R01579
2006,R01581
2008,R01583
2009,R01584
2010,R01585
2011,R01586
2012,R01587
2013,R01588
2014,R01588
2015,R01589
2016,R01590
2017,R01593
2018,R01594
2019,R01595
2020,R01596
2022,R01599
2023,R01600
2024,R01600
2025,R01602
2026,R01604
2027,R01607
2028,R01608
2029,R01609
2030,R01611
2031,R01613
2032,R01614
2033,R01615
2035,R01617
2036,R01618
2037,R01619
2038,R01620
2039,R01621
2040,R01621
2041,R01623
2042,R01624
2043,R01624
2044,R01624
2045,R01625
2046,R01626
2047,R01626
2048,R01626
2049,R01627
2050,R01628
2051,R01629
2052,R01630
2053,R01631
2054,R01632
2055,R01633
2056,R01634
2057,R01635
2058,R01636
2059,R01639
2061,R01644
2062,R01644
2063,R01645
2064,R01647
2068,R01649
2069,R01651
2070,R01652
2075,R01655
2076,R01655
2077,R01657
2078,R01658
2079,R01658
2080,R01658
2081,R01659
2082,R01660
2083,R01662
2084,R01662
2085,R01662
2086,R01663
2087,R01664
2088,R01664
2089,R01664
2090,R01664
2091,R01664
2095,R01666
2096,R01666
2097,R01667
2098,R01668
2099,R01668
2101,R01670
2102,R01676
2108,R01680
2109,R01681
2110,R01682
2111,R01682
2120,R01689
2121,R01690
2122,R01694
2123,R01695
2124,R01696
2125,R01697
2126,R01698
2131,R01703
2132,R01704
2133,R01705
2134,R01706
2135,R01706
2136,R01706
2137,R01707
2138,R01708
2139,R01709
2140,R01709
2142,R01711
2146,R01714
2147,R01715
2148,R01715
2149,R01715
2150,R01715
2152,R01716
2154,R01717
2156,R01717
2159,R01720
2160,R01721
2161,R01722
2162,R01724
2163,R01728
2164,R01728
2165,R01728
2166,R01730
2172,R01735
2173,R01736
2174,R01737
2175,R01738
2176,R01739
2177,R01740
2178,R01741
2179,R01742
2180,R01745
2181,R01747
2182,R01748
2183,R01749
2184,R01750
2185,R01751
2186,R01751
2187,R01751
2188,R01752
2189,R01752
2190,R01752
2191,R01752
2192,R01754
2193,R01757
2194,R01757
2195,R01758
2196,R01759
2198,R01761
2200,R01763
2201,R01764
2202,R01766
2203,R01767
2204,R01768
2205,R01768
2206,R01769
2207,R01769
2211,R01771
2212,R01771
2213,R01773
2215,R01775
2217,R01776
2218,R01777
2219,R01778
2220,R01778
2221,R01778
2222,R01779
2224,R01781
2225,R01782
2226,R01784
2227,R01785
2228,R01786
2229,R01786
2230,R01787
2231,R01788
2240,R01795
2241,R01797
2242,R01799
2243,R01800
2244,R01801
2245,R01802
2246,R01803
2247,R01804
2248,R01805
2249,R01806
2250,R01807
2251,R01808
2253,R01811
2255,R01813
2256,R01814
2257,R01815
2258,R01816
2259,R01817
2260,R01818
2261,R01818
2262,R01818
2263,R01819
2264,R01819
2265,R01819
2266,R01821
2267,R01823
2268,R01824
2269,R01825
2270,R01826
2271,R01826
2273,R01827
2274,R01829
2276,R01833
2277,R01834
2278,R01835
2279,R01836
2280,R01836
2281,R01836
2282,R01836
2283,R01837
2284,R01837
2285,R01838
2286,R01838
2287,R01838
2288,R01838
2291,R01841
2294,R01843
2295,R01844
2296,R01845
2297,R01845
2298,R01850
2302,R01855
2303,R01855
2307,R01858
2308,R01859
2309,R01859
2310,R01859
2311,R01860
2312,R01861
2313,R01862
2314,R01863
2315,R01863
2316,R01866
2318,R01868
2319,R01869
2320,R01870
2321,R01870
2322,R01872
2323,R01872
2324,R01873
2325,R01874
2326,R01875
2327,R01876
2328,R01876
2329,R01877
2330,R01877
2331,R01877
2332,R01878
2333,R01879
2334,R01880
2337,R01883
2338,R01884
2339,R01885
2342,R01888
2343,R01889
2344,R01890
2345,R01891
2347,R01895
2348,R01896
2349,R01896
2350,R01898
2351,R01899
2352,R01900
2353,R01900
2354,R01901
2355,R01902
2356,R01903
2357,R01904
2358,R01905
2359,R01906
2360,R01908
2361,R01909
2362,R01910
2363,R01911
2364,R01912
2365,R01914
2366,R01914
2367,R01914
2368,R01915
2369,R01917
2372,R01918
2375,R01919
2376,R01919
2377,R01920
2378,R01921
2379,R01922
2380,R01923
2382,R01926
2383,R01928
2384,R01929
2386,R01931
2387,R01931
2388,R01932
2390,R01933
2391,R01933
2392,R01934
2393,R01934
2394,R01936
2395,R01936
2402,R01941
2403,R01942
2405,R01944
2406,R01945
2407,R01945
2408,R01946
2409,R01951
2410,R01952
2411,R01954
2415,R01956
2417,R01959
2418,R01960
2419,R01961
2420,R01961
2422,R01964
2423,R01965
2425,R01967
2426,R01968
2427,R01968
2428,R01968
2429,R01968
2430,R01968
2431,R01969
2432,R01969
2433,R01971
2434,R01972
2435,R01973
2436,R01974
2437,R01974
2438,R01975
2439,R01975
2440,R01975
2442,R01975
2443,R01976
2444,R01977
2446,R01980
2449,R01983
2451,R01986
2452,R01986
2453,R01986
2454,R01986
2455,R01987
2457,R01990
2459,R01992
2460,R01992
2462,R01993
2464,R01994
2465,R01995
2466,R01996
2467,R01997
2468,R01998
2469,R01999
2470,R01999
2471,R02000
2472,R02000
2473,R02000
2474,R02002
2475,R02003
2476,R02003
2477,R02003
2478,R02004
2479,R02006
2480,R02007
2481,R02009
2482,R02010
2483,R02013
2484,R02014
2485,R02016
2486,R02017
2487,R02018
2488,R02019
2489,R02020
2491,R02022
2492,R02023
2493,R02024
2496,R02027
2497,R02029
2498,R02029
2499,R02029
2500,R02029
2501,R02032
2502,R02034
2503,R02035
2505,R02036
2506,R02037
2507,R02038
2508,R02039
2509,R02040
2510,R02041
2512,R02047
2514,R02051
2515,R02052
2516,R02053
2524,R02055
2525,R02056
2526,R02056
2527,R02057
2528,R02057
2529,R02058
2530,R02059
2531,R02060
2532,R02061
2533,R02061
2534,R02061
2535,R02063
2536,R02064
2537,R02065
2538,R02065
2539,R02065
2540,R02068
2541,R02071
2542,R02073
2543,R02075
2544,R02076
2546,R02078
2547,R02078
2548,R02080
2549,R02080
2550,R02081
2551,R02082
2552,R02083
2554,R02085
2555,R02087
2556,R02087
2557,R02088
2558,R02088
2559,R02088
2560,R02088
2561,R02088
2562,R02089
2563,R02089
2566,R02091
2567,R02092
2572,R02095
2573,R02095
2574,R02096
2575,R02097
2578,R02099
2579,R02100
2580,R02100
2581,R02100
2583,R02101
2584,R02102
2585,R02102
2586,R02102
2587,R02102
2588,R02102
2589,R02103
2590,R02103
2591,R02106
2592,R02106
2593,R02107
2594,R02107
2596,R02108
2597,R02109
2599,R02110
2600,R02111
2601,R02111
2603,R02113
2604,R02114
2606,R02118
2607,R02119
2608,R02120
2609,R02120
2610,R02121
2611,R02122
2612,R02123
2613,R02124
2614,R02124
2615,R02124
2616,R02124
2617,R02124
2618,R02125
2619,R02130
2621,R02131
2622,R02132
2624,R02134
2625,R02136
2627,R02138
2628,R02139
2629,R02142
2630,R02142
2631,R02142
2633,R02144
2634,R02145
2635,R02147
2636,R02147
2637,R02148
2638,R02148
2639,R02148
2641,R02155
2642,R02156
2643,R02157
2644,R02158
2645,R02159
2646,R02160
2647,R02161
2648,R02163
2649,R02163
2650,R02163
2651,R02164
2652,R02164
2653,R02165
2654,R02166
2655,R02167
2656,R02168
2657,R02170
2662,R02174
2663,R02174
2664,R02175
2665,R02175
2666,R02177
2667,R02178
2668,R02179
2669,R02180
2670,R02181
2671,R02182
2672,R02183
2674,R02185
2676,R02187
2678,R02189
2679,R02190
2680,R02191
2681,R02192
2682,R02193
2684,R02195
2685,R02196
2693,R02204
2694,R02204
2695,R02205
2696,R02206
2697,R02207
2698,R02208
2699,R02208
2700,R02209
2701,R02210
2702,R02211
2703,R02211
2704,R02212
2705,R02213
2706,R02214
2707,R02215
2708,R02215
2709,R02216
2710,R02216
2711,R02218
2712,R02218
2713,R02219
2714,R02219
2715,R02220
2717,R02222
2718,R02223
2719,R02224
2720,R02225
2721,R02226
2722,R02227
2723,R02228
2724,R02229
2725,R02229
2726,R02231
2727,R02232
2729,R02234
2731,R02235
2733,R02236
2736,R02238
2737,R02239
2738,R02239
2739,R02240
2740,R02241
2741,R02241
2745,R02242
2746,R02243
2747,R02244
2748,R02245
2749,R02246
2750,R02247
2751,R02248
2752,R02249
2753,R02250
2757,R02251
2758,R02251
2759,R02251
2760,R02251
2761,R02251
2762,R02252
2763,R02253
2764,R02254
2766,R02256
2767,R02257
2768,R02258
2769,R02259
2770,R02260
2771,R02260
2772,R02261
2773,R02262
2774,R02263
2775,R02265
2776,R02266
2777,R02267
2778,R02268
2779,R02269
2781,R02272
2782,R02273
2785,R02276
2786,R02277
2787,R02278
2788,R02279
2789,R02280
2790,R02281
2791,R02282
2792,R02282
2795,R02284
2796,R02285
2797,R02286
2799,R02287
2800,R02288
2801,R02289
2802,R02291
2804,R02294
2805,R02295
2806,R02296
2807,R02297
2808,R02298
2812,R02302
2814,R02305
2815,R02306
2816,R02307
2817,R02311
2821,R02317
2823,R02319
2824,R02319
2825,R02320
2826,R02321
2827,R02322
2828,R02323
2829,R02323
2830,R02324
2831,R02324
2832,R02324
2833,R02325
2836,R02327
2837,R02328
2838,R02329
2839,R02330
2842,R02332
2843,R02333
2846,R02335
2849,R02338
2850,R02340
2851,R02340
2854,R02347
2855,R02349
2856,R02350
2857,R02350
2860,R02352
2861,R02352
2862,R02352
2863,R02352
2864,R02352
2865,R02352
2866,R02353
2867,R02353
2868,R02353
2869,R02353
2870,R02353
2871,R02353
2874,R02356
2875,R02356
2876,R02356
2877,R02356
2879,R02358
2880,R02359
2886,R02363
2887,R02364
2888,R02365
2889,R02366
2890,R02366
2891,R02366
2892,R02367
2893,R02367
2894,R02367
2895,R02370
2896,R02370
2897,R02370
2898,R02371
2899,R02372
2900,R02373
2901,R02374
2902,R02375
2903,R02376
2904,R02377
2905,R02378
2906,R02379
2907,R02380
2908,R02380
2913,R02383
2914,R02384
2915,R02385
2916,R02387
2917,R02388
2918,R02389
2919,R02391
2921,R02393
2924,R02395
2925,R02396
2926,R02397
2927,R02398
2928,R02401
2929,R02401
2930,R02401
2936,R02408
2937,R02408
2938,R02408
2941,R02411
2942,R02412
2943,R02412
2944,R02412
2945,R02412
2946,R02412
2947,R02413
2948,R02413
2949,R02413
2950,R02413
2951,R02413
2952,R02413
2953,R02415
2954,R02416
2955,R02417
2957,R02419
2958,R02420
2959,R02421
2960,R02422
2961,R02423
2962,R02425
2963,R02426
2966,R02429
2967,R02430
2968,R02432
2971,R02437
2972,R02439
2973,R02441
2974,R02442
2975,R02442
2976,R02444
2977,R02445
2978,R02446
2979,R02447
2980,R02447
2981,R02449
2982,R02450
2983,R02451
2984,R02452
2985,R02453
2986,R02454
2987,R02455
2988,R02456
2990,R02458
2992,R02461
2993,R02462
2994,R02462
2995,R02463
2996,R02464
2998,R02466
2999,R02466
3000,R02466
3001,R02467
3002,R02468
3003,R02468
3004,R02468
3005,R02468
3006,R02469
3007,R02470
3008,R02470
3009,R02470
3010,R02470
3011,R02471
3012,R02472
3015,R02474
3016,R02476
3017,R02476
3018,R02476
3019,R02477
3020,R02477
3021,R02477
3022,R02478
3023,R02480
3024,R02481
3025,R02482
3026,R02484
3027,R02484
3028,R02484
3029,R02484
3030,R02485
3031,R02485
3032,R02486
3035,R02489
3036,R02490
3037,R02491
3038,R02492
3039,R02493
3040,R02494
3041,R02497
3042,R02497
3043,R02498
3044,R02499
3045,R02499
3048,R02502
3051,R02504
3052,R02505
3053,R02506
3054,R02508
3055,R02509
3056,R02511
3057,R02511
3058,R02512
3059,R02513
3060,R02514
3061,R02515
3062,R02516
3063,R02517
3064,R02519
3065,R02521
3066,R02522
3068,R02527
3069,R02527
3070,R02527
3073,R02530
3074,R02531
3075,R02531
3077,R02533
3078,R02534
3079,R02535
3080,R02536
3081,R02536
3082,R02537
3084,R02540
3085,R02541
3086,R02542
3087,R02543
3088,R02544
3089,R02545
3090,R02545
3091,R02545
3094,R02548
3095,R02549
3096,R02549
3097,R02549
3098,R02549
3099,R02549
3100,R02549
3101,R02550
3102,R02551
3103,R02552
3104,R02553
3105,R02554
3106,R02555
3107,R02556
3108,R02557
3113,R02561
3114,R02562
3115,R02563
3117,R02565
3118,R02565
3119,R02565
3120,R02566
3121,R02566
3122,R02566
3125,R02568
3126,R02568
3127,R02569
3128,R02570
3129,R02571
3130,R02572
3131,R02573
3132,R02574
3134,R02576
3135,R02577
3136,R02580
3137,R02581
3138,R02581
3139,R02581
3142,R02584
3143,R02584
3144,R02585
3145,R02586
3146,R02587
3148,R02589
3149,R02590
3150,R02591
3151,R02593
3152,R02593
3153,R02594
3155,R02596
3156,R02596
3157,R02596
3158,R02597
3159,R02598
3160,R02599
3161,R02600
3162,R02601
3163,R02601
3164,R02602
3169,R02609
3170,R02610
3171,R02611
3177,R02615
3178,R02616
3179,R02617
3181,R02620
3182,R02621
3183,R02622
3184,R02623
3188,R02627
3190,R02630
3191,R02631
3192,R02632
3193,R02633
3194,R02636
3195,R02637
3196,R02639
3197,R02640
3198,R02642
3199,R02643
3200,R02644
3201,R02644
3202,R02646
3203,R02648
3204,R02649
3206,R02650
3207,R02651
3208,R02652
3209,R02654
3210,R02655
3211,R02656
3212,R02657
3213,R02658
3216,R02661
3217,R02662
3218,R02665
3219,R02666
3220,R02667
3222,R02670
3223,R02670
3224,R02670
3225,R02672
3226,R02673
3227,R02675
3228,R02676
3229,R02677
3230,R02678
3231,R02678
3232,R02678
3233,R02678
3234,R02679
3235,R02680
3236,R02681
3238,R02683
3239,R02683
3240,R02684
3241,R02685
3242,R02685
3243,R02685
3244,R02687
3249,R02689
3250,R02689
3251,R02691
3252,R02692
3253,R02693
3254,R02694
3255,R02695
3256,R02695
3257,R02695
3258,R02697
3263,R02701
3264,R02702
3265,R02703
3266,R02704
3267,R02705
3269,R02705
3270,R02707
3271,R02708
3272,R02709
3274,R02712
3276,R02715
3277,R02716
3278,R02717
3280,R02719
3281,R02719
3282,R02719
3283,R02719
3284,R02720
3285,R02720
3286,R02722
3287,R02723
3288,R02724
3289,R02725
3290,R02725
3291,R02726
3292,R02727
3293,R02728
3295,R02730
3296,R02731
3297,R02731
3298,R02732
3299,R02733
3300,R02734
3302,R02736
3303,R02736
3304,R02736
3306,R02737
3307,R02737
3308,R02738
3310,R02739
3311,R02739
3312,R02739
3314,R02740
3315,R02740
3317,R02742
3326,R02748
3327,R02748
3328,R02749
3329,R02749
3330,R02750
3331,R02751
3332,R02752
3333,R02754
3334,R02755
3335,R02756
3336,R02757
3337,R02758
3338,R02760
3339,R02762
3340,R02762
3341,R02764
3343,R02766
3344,R02767
3345,R02768
3346,R02769
3347,R02770
3350,R02776
3351,R02776
3352,R02777
3353,R02778
3354,R02778
3355,R02780
3357,R02782
3362,R02789
3363,R02790
3364,R02791
3365,R02792
3366,R02793
3368,R02797
3369,R02799
3370,R02799
3371,R02799
3372,R02800
3373,R02802
3374,R02804
3375,R02805
3376,R02806
3377,R02807
3378,R02808
3379,R02809
3380,R02810
3381,R02811
3382,R02811
3383,R02811
3384,R02811
3385,R02813
3386,R02814
3387,R02815
3388,R02816
3389,R02817
3390,R02819
3391,R02820
3392,R02821
3394,R02823
3396,R02825
3398,R02826
3399,R02827
3400,R02828
3402,R02830
3403,R02831
3404,R02832
3406,R02836
3407,R02837
3408,R02838
3409,R02839
3410,R02840
3411,R02840
3412,R02841
3413,R02843
3414,R02843
3415,R02846
3416,R02846
3417,R02847
3418,R02848
3419,R02849
3420,R02850
3422,R02852
3423,R02853
3424,R02855
3425,R02855
3426,R02855
3427,R02855
3429,R02858
3430,R02859
3431,R02860
3432,R02862
3433,R02863
3434,R02864
3435,R02864
3436,R02864
3437,R02865
3438,R02866
3439,R02867
3440,R02868
3441,R02869
3442,R02869
3443,R02872
3444,R02872
3445,R02873
3446,R02874
3447,R02875
3448,R02877
3449,R02878
3450,R02878
3451,R02879
3453,R02882
3455,R02885
3459,R02888
3460,R02889
3461,R02890
3462,R02892
3463,R02893
3465,R02896
3466,R02897
3467,R02898
3468,R02899
3470,R02902
3472,R02906
3473,R02907
3475,R02909
3476,R02910
3477,R02910
3478,R02911
3479,R02914
3480,R02917
3483,R02920
3484,R02921
3485,R02922
3486,R02922
3489,R02925
3491,R02927
3492,R02928
3494,R02930
3495,R02931
3496,R02931
3497,R02932
3500,R02934
3501,R02935
3502,R02935
3503,R02936
3504,R02936
3506,R02938
3507,R02940
3508,R02940
3509,R02940
3510,R02940
3511,R02941
3513,R02943
3514,R02944
3515,R02945
3516,R02946
3517,R02946
3518,R02946
3519,R02948
3521,R02950
3522,R02951
3523,R02953
3524,R02954
3526,R02957
3527,R02957
3528,R02957
3529,R02957
3531,R02961
3532,R02963
3533,R02964
3534,R02965
3535,R02968
3536,R02968
3537,R02969
3539,R02971
3540,R02971
3541,R02971
3542,R02972
3543,R02973
3544,R02974
3545,R02975
3546,R02976
3547,R02978
3549,R02982
3550,R02984
3554,R02987
3555,R02988
3556,R02989
3559,R02991
3561,R02994
3562,R02995
3563,R02996
3565,R02998
3566,R02999
3568,R03003
3569,R03004
3570,R03004
3571,R03004
3572,R03005
3573,R03005
3574,R03005
3575,R03006
3576,R03008
3577,R03009
3578,R03012
3579,R03012
3580,R03012
3581,R03013
3582,R03013
3583,R03013
3584,R03013
3585,R03014
3586,R03015
3587,R03016
3588,R03017
3589,R03018
3590,R03018
3591,R03019
3592,R03020
3593,R03021
3594,R03022
3595,R03023
3596,R03024
3597,R03024
3598,R03024
3599,R03024
3600,R03025
3601,R03026
3602,R03026
3603,R03026
3605,R03026
3606,R03027
3608,R03028
3609,R03030
3610,R03031
3611,R03031
3612,R03032
3613,R03033
3614,R03033
3616,R03035
3617,R03035
3618,R03036
3619,R03036
3624,R03042
3625,R03043
3626,R03044
3627,R03045
3628,R03045
3629,R03045
3630,R03045
3631,R03045
3633,R03045
3635,R03046
3636,R03048
3639,R03051
3640,R03052
3642,R03054
3643,R03055
3644,R03056
3646,R03058
3647,R03059
3648,R03060
3649,R03060
3652,R03064
3653,R03065
3654,R03066
3656,R03066
3657,R03067
3659,R03067
3660,R03069
3661,R03070
3663,R03072
3665,R03075
3666,R03076
3667,R03077
3668,R03080
3669,R03081
3670,R03083
3671,R03083
3672,R03083
3673,R03083
3674,R03083
3675,R03084
3676,R03084
3677,R03084
3678,R03084
3679,R03084
3680,R03086
3686,R03091
3688,R03094
3690,R03096
3691,R03098
3692,R03098
3693,R03098
3694,R03102
3695,R03102
3696,R03102
3697,R03103
3698,R03103
3699,R03103
3700,R03104
3701,R03105
3702,R03105
3703,R03106
3704,R03106
3706,R03109
3707,R03110
3708,R03111
3709,R03112
3710,R03114
3711,R03114
3712,R03114
3713,R03114
3715,R03116
3716,R03116
3717,R03118
3718,R03119
3722,R03123
3723,R03123
3724,R03124
3725,R03124
3726,R03126
3727,R03127
3728,R03129
3729,R03130
3730,R03131
3731,R03132
3732,R03133
3733,R03134
3734,R03135
3737,R03138
3740,R03140
3741,R03142
3742,R03143
3743,R03145
3745,R03146
3746,R03147
3747,R03148
3748,R03149
3750,R03151
3752,R03153
3754,R03155
3755,R03155
3756,R03155
3757,R03156
3758,R03158
3759,R03161
3761,R03163
3762,R03163
3763,R03164
3764,R03165
3765,R03165
3766,R03167
3767,R03168
3769,R03171
3772,R03172
3773,R03173
3774,R03174
3775,R03176
3776,R03176
3777,R03177
3778,R03178
3779,R03180
3783,R03183
3784,R03184
3785,R03186
3786,R03187
3787,R03188
3789,R03189
3790,R03190
3791,R03191
3792,R03192
3794,R03194
3795,R03194
3796,R03194
3797,R03194
3798,R03197
3799,R03198
3800,R03199
3801,R03200
3802,R03202
3803,R03203
3804,R03206
3806,R03208
3808,R03210
3810,R03212
3811,R03213
3812,R03214
3813,R03215
3815,R03217
3816,R03218
3817,R03219
3820,R03223
3821,R03223
3822,R03223
3824,R03224
3825,R03225
3826,R03226
3827,R03227
3829,R03229
3830,R03230
3833,R03232
3834,R03236
3835,R03236
3836,R03236
3837,R03237
3838,R03238
3839,R03239
3840,R03240
3841,R03241
3843,R03244
3845,R03246
3846,R03247
3848,R03251
3849,R03253
3850,R03254
3854,R03259
3855,R03260
3856,R03261
3857,R03262
3858,R03262
3859,R03263
3860,R03263
3861,R03264
3864,R03267
3865,R03268
3866,R03269
3869,R03271
3871,R03273
3873,R03275
3874,R03276
3875,R03276
3877,R03276
3878,R03277
3879,R03278
3880,R03279
3881,R03281
3882,R03283
3883,R03283
3884,R03283
3885,R03283
3887,R03288
3888,R03288
3889,R03289
3890,R03290
3892,R03292
3895,R03297
3899,R03300
3900,R03300
3901,R03302
3902,R03303
3903,R03304
3904,R03306
3905,R03307
3906,R03308
3908,R03313
3910,R03315
3912,R03317
3913,R03318
3914,R03319
3916,R03321
3917,R03321
3918,R03322
3919,R03323
3920,R03325
3921,R03326
3922,R03327
3923,R03327
3924,R03329
3925,R03329
3926,R03330
3927,R03330
3928,R03331
3929,R03332
3930,R03332
3931,R03332
3932,R03333
3934,R03336
3935,R03336
3936,R03337
3937,R03338
3938,R03338
3939,R03339
3940,R03341
3942,R03344
3943,R03345
3944,R03346
3945,R03346
3946,R03347
3947,R03347
3948,R03348
3949,R03349
3950,R03350
3951,R03351
3952,R03352
3953,R03353
3954,R03354
3956,R03356
3957,R03357
3958,R03358
3959,R03359
3961,R03361
3962,R03362
3963,R03362
3964,R03363
3965,R03363
3966,R03363
3967,R03363
3968,R03363
3969,R03364
3970,R03365
3971,R03366
3972,R03369
3973,R03370
3974,R03371
3975,R03371
3976,R03372
3977,R03372
3978,R03372
3979,R03373
3980,R03374
3981,R03375
3982,R03376
3983,R03376
3984,R03376
3985,R03378
3986,R03380
3987,R03380
3988,R03380
3989,R03384
3990,R03385
3991,R03386
3992,R03387
3993,R03387
3995,R03390
3996,R03391
3997,R03392
3998,R03393
3999,R03393
4000,R03394
4001,R03395
4002,R03396
4003,R03396
4004,R03397
4005,R03397
4006,R03398
4007,R03398
4008,R03399
4009,R03399
4010,R03401
4011,R03402
4013,R03405
4014,R03406
4015,R03407
4016,R03408
4017,R03408
4018,R03408
4019,R03408
4021,R03409
4022,R03409
4023,R03410
4024,R03411
4031,R03418
4032,R03421
4033,R03422
4034,R03423
4035,R03424
4036,R03424
4037,R03424
4039,R03427
4040,R03427
4041,R03428
4042,R03428
4043,R03429
4044,R03429
4045,R03430
4046,R03431
4047,R03433
4048,R03434
4049,R03434
4050,R03435
4051,R03437
4052,R03437
4053,R03437
4054,R03438
4055,R03438
4056,R03438
4057,R03439
4058,R03440
4059,R03441
4060,R03443
4062,R03444
4064,R03447
4065,R03448
4067,R03450
4068,R03451
4069,R03452
4070,R03454
4071,R03455
4072,R03456
4073,R03457
4074,R03457
4075,R03458
4076,R03458
4077,R03459
4078,R03459
4079,R03460
4080,R03460
4081,R03460
4082,R03460
4083,R03460
4084,R03461
4085,R03462
4086,R03463
4087,R03464
4088,R03465
4089,R03466
4092,R03469
4094,R03470
4095,R03471
4096,R03471
4098,R03472
4099,R03473
4100,R03474
4101,R03475
4102,R03476
4104,R03478
4105,R03478
4106,R03479
4107,R03479
4108,R03482
4109,R03486
4112,R03490
4115,R03493
4116,R03494
4117,R03495
4118,R03496
4119,R03497
4120,R03498
4122,R03503
4124,R03503
4125,R03504
4127,R03504
4128,R03508
4129,R03508
4130,R03508
4131,R03509
4132,R03509
4133,R03509
4134,R03510
4135,R03511
4136,R03512
4137,R03513
4138,R03514
4139,R03515
4143,R03519
4144,R03520
4145,R03522
4147,R03524
4148,R03526
4150,R03528
4151,R03529
4154,R03531
4155,R03531
4156,R03532
4157,R03532
4158,R03532
4159,R03534
4162,R03537
4163,R03537
4164,R03537
4165,R03538
4166,R03538
4167,R03538
4168,R03539
4169,R03540
4170,R03541
4172,R03543
4173,R03543
4174,R03543
4175,R03546
4176,R03547
4177,R03548
4178,R03549
4179,R03550
4180,R03550
4181,R03552
4182,R03553
4183,R03554
4185,R03556
4186,R03557
4187,R03558
4188,R03559
4189,R03559
4190,R03559
4191,R03562
4193,R03565
4194,R03566
4195,R03567
4196,R03568
4197,R03570
4198,R03571
4199,R03572
4200,R03573
4201,R03574
4202,R03575
4203,R03576
4204,R03577
4205,R03579
4206,R03581
4207,R03581
4208,R03582
4209,R03583
4210,R03584
4211,R03585
4212,R03586
4213,R03587
4214,R03588
4215,R03589
4216,R03590
4217,R03591
4218,R03592
4220,R03594
4221,R03595
4222,R03596
4223,R03597
4224,R03599
4225,R03599
4226,R03600
4227,R03601
4228,R03601
4229,R03601
4230,R03601
4232,R03605
4233,R03607
4235,R03610
4236,R03611
4240,R03615
4245,R03620
4246,R03621
4247,R03622
4248,R03623
4250,R03625
4251,R03626
4252,R03626
4254,R03628
4257,R03630
4260,R03633
4263,R03636
4264,R03636
4265,R03637
4266,R03638
4267,R03639
4268,R03640
4271,R03643
4272,R03645
4293,R03667
4294,R03668
4295,R03671
4296,R03673
4297,R03675
4298,R03678
4299,R03679
4300,R03680
4301,R03681
4302,R03683
4304,R03686
4305,R03687
4306,R03688
4307,R03689
4310,R03693
4311,R03696
4313,R03698
4314,R03699
4315,R03700
4316,R03701
4319,R03704
4322,R03707
4324,R03709
4325,R03710
4327,R03712
4328,R03713
4329,R03716
4330,R03718
4331,R03718
4332,R03719
4333,R03720
4334,R03720
4335,R03721
4337,R03723
4338,R03726
4339,R03727
4340,R03728
4341,R03731
4343,R03733
4344,R03734
4346,R03736
4347,R03737
4348,R03737
4350,R03739
4351,R03742
4352,R03743
4354,R03745
4355,R03746
4356,R03747
4357,R03748
4360,R03753
4361,R03754
4362,R03755
4363,R03755
4364,R03756
4365,R03756
4366,R03758
4367,R03759
4368,R03760
4369,R03761
4371,R03763
4372,R03764
4373,R03766
4374,R03767
4375,R03767
4376,R03768
4377,R03769
4378,R03770
4381,R03774
4382,R03775
4383,R03776
4384,R03776
4388,R03778
4389,R03779
4390,R03780
4392,R03782
4393,R03783
4394,R03783
4395,R03784
4397,R03787
4398,R03788
4399,R03789
4400,R03790
4402,R03793
4403,R03794
4405,R03797
4406,R03799
4407,R03800
4411,R03804
4412,R03805
4413,R03806
4414,R03807
4415,R03809
4416,R03810
4417,R03812
4419,R03814
4420,R03815
4421,R03816
4422,R03817
4423,R03818
4424,R03818
4425,R03819
4427,R03821
4429,R03824
4430,R03824
4431,R03826
4432,R03827
4433,R03828
4434,R03829
4437,R03831
4438,R03832
4440,R03835
4441,R03838
4442,R03840
4443,R03841
4444,R03842
4445,R03845
4446,R03848
4447,R03849
4448,R03850
4449,R03851
4450,R03851
4451,R03852
4452,R03854
4453,R03856
4454,R03856
4458,R03858
4460,R03860
4461,R03861
4463,R03866
4464,R03866
4469,R03869
4470,R03869
4471,R03869
4472,R03869
4473,R03870
4474,R03871
4475,R03873
4477,R03875
4478,R03875
4479,R03875
4482,R03880
4483,R03881
4484,R03882
4485,R03883
4488,R03886
4490,R03889
4491,R03889
4492,R03891
4494,R03894
4495,R03896
4496,R03896
4497,R03898
4498,R03898
4499,R03899
4500,R03899
4501,R03900
4502,R03901
4503,R03903
4508,R03907
4509,R03908
4510,R03909
4511,R03910
4512,R03912
4513,R03913
4514,R03914
4519,R03917
4520,R03918
4521,R03919
4522,R03919
4523,R03919
4524,R03920
4525,R03920
4527,R03922
4528,R03923
4529,R03924
4531,R03928
4532,R03929
4533,R03929
4534,R03929
4535,R03930
4537,R03933
4538,R03934
4539,R03935
4541,R03938
4544,R03942
4545,R03944
4546,R03945
4547,R03945
4548,R03945
4549,R03945
4550,R03946
4551,R03947
4552,R03947
4553,R03947
4554,R03948
4555,R03948
4556,R03948
4557,R03950
4559,R03953
4561,R03959
4562,R03962
4563,R03963
4564,R03964
4565,R03965
4567,R03968
4568,R03968
4569,R03969
4576,R03973
4577,R03974
4578,R03975
4579,R03977
4580,R03977
4584,R03981
4585,R03982
4588,R03986
4589,R03987
4590,R03989
4591,R03989
4596,R03991
4597,R03991
4598,R03992
4599,R03993
4600,R03994
4601,R03996
4602,R03997
4603,R03998
4604,R03999
4606,R04001
4607,R04001
4610,R04005
4612,R04007
4613,R04007
4614,R04007
4618,R04013
4619,R04014
4620,R04014
4621,R04015
4622,R04017
4625,R04020
4626,R04021
4627,R04022
4629,R04024
4637,R04031
4639,R04031
4640,R04032
4641,R04033
4644,R04035
4645,R04035
4646,R04035
4648,R04037
4649,R04037
4650,R04037
4651,R04038
4653,R04040
4654,R04041
4655,R04042
4657,R04044
4658,R04046
4659,R04047
4660,R04049
4661,R04050
4662,R04053
4663,R04055
4664,R04056
4668,R04060
4669,R04061
4670,R04062
4672,R04065
4673,R04065
4674,R04065
4675,R04065
4676,R04066
4677,R04068
4679,R04071
4680,R04072
4681,R04073
4682,R04074
4683,R04076
4684,R04077
4687,R04081
4688,R04082
4689,R04083
4690,R04084
4691,R04085
4692,R04088
4693,R04089
4694,R04090
4695,R04091
4696,R04093
4701,R04097
4702,R04099
4703,R04100
4705,R04102
4706,R04103
4707,R04104
4708,R04105
4709,R04106
4710,R04108
4711,R04109
4712,R04111
4713,R04112
4714,R04113
4715,R04115
4716,R04115
4717,R04117
4724,R04123
4726,R04126
4727,R04127
4728,R04130
4729,R04133
4730,R04134
4731,R04135
4732,R04136
4733,R04137
4734,R04137
4735,R04137
4737,R04137
4738,R04138
4739,R04139
4742,R04143
4746,R04144
4747,R04145
4750,R04148
4751,R04149
4752,R04150
4753,R04151
4755,R04153
4756,R04154
4757,R04156
4759,R04158
4761,R04160
4763,R04162
4764,R04163
4765,R04163
4766,R04165
4767,R04166
4768,R04167
4769,R04168
4770,R04169
4771,R04170
4772,R04170
4773,R04170
4774,R04170
4776,R04170
4780,R04171
4782,R04174
4783,R04176
4784,R04177
4785,R04179
4786,R04180
4787,R04182
4790,R04185
4791,R04186
4795,R04189
4796,R04190
4798,R04192
4799,R04193
4800,R04194
4801,R04198
4802,R04199
4803,R04200
4804,R04201
4806,R04203
4807,R04203
4808,R04203
4810,R04203
4811,R04204
4812,R04204
4813,R04204
4815,R04204
4816,R04205
4817,R04206
4820,R04208
4821,R04209
4823,R04210
4824,R04211
4827,R04213
4828,R04215
4831,R04218
4832,R04218
4834,R04222
4835,R04224
4836,R04224
4837,R04224
4839,R04224
4841,R04227
4842,R04228
4843,R04229
4844,R04230
4846,R04231
4850,R04236
4851,R04237
4856,R04247
4857,R04256
4858,R04258
4859,R04259
4860,R04260
4861,R04263
4862,R04264
4863,R04265
4864,R04266
4866,R04268
4868,R04271
4869,R04272
4873,R04276
4875,R04278
4876,R04279
4877,R04280
4878,R04280
4880,R04285
4881,R04285
4882,R04286
4883,R04286
4884,R04291
4885,R04292
4886,R04294
4887,R04296
4888,R04297
4892,R04301
4893,R04303
4894,R04304
4895,R04305
4896,R04306
4897,R04307
4898,R04309
4899,R04309
4900,R04310
4901,R04311
4903,R04314
4904,R04315
4905,R04316
4906,R04317
4907,R04318
4908,R04319
4910,R04321
4911,R04321
4912,R04322
4913,R04323
4916,R04325
4919,R04326
4920,R04327
4921,R04328
4922,R04328
4923,R04328
4924,R04330
4925,R04332
4926,R04333
4927,R04334
4928,R04335
4932,R04341
4933,R04342
4934,R04343
4935,R04344
4936,R04345
4937,R04346
4938,R04347
4939,R04348
4941,R04350
4942,R04352
4943,R04353
4944,R04354
4945,R04355
4946,R04355
4947,R04355
4948,R04355
4949,R04356
4951,R04359
4952,R04360
4953,R04362
4954,R04363
4955,R04364
4956,R04365
4957,R04366
4959,R04368
4961,R04370
4962,R04371
4963,R04371
4964,R04372
4965,R04373
4966,R04374
4967,R04376
4968,R04377
4969,R04377
4970,R04378
4971,R04379
4972,R04380
4974,R04383
4975,R04384
4976,R04385
4977,R04385
4978,R04385
4979,R04386
4980,R04386
4981,R04386
4982,R04387
4984,R04389
4985,R04390
4986,R04390
4987,R04390
4988,R04391
4989,R04391
4990,R04392
4991,R04393
4992,R04394
4993,R04396
4994,R04397
4995,R04398
4999,R04404
5000,R04405
5001,R04409
5002,R04410
5003,R04411
5004,R04412
5005,R04413
5006,R04413
5007,R04418
5008,R04418
5009,R04419
5010,R04420
5011,R04421
5012,R04422
5013,R04423
5014,R04424
5015,R04425
5016,R04425
5017,R04426
5018,R04427
5019,R04428
5020,R04428
5021,R04428
5022,R04428
5023,R04428
5024,R04429
5025,R04429
5026,R04429
5027,R04430
5028,R04430
5029,R04430
5030,R04430
5031,R04430
5032,R04430
5033,R04431
5035,R04433
5036,R04435
5037,R04435
5038,R04436
5039,R04437
5041,R04439
5042,R04439
5043,R04440
5044,R04441
5045,R04444
5046,R04444
5047,R04445
5048,R04445
5049,R04448
5050,R04448
5052,R04450
5053,R04451
5055,R04455
5057,R04457
5058,R04459
5059,R04460
5060,R04461
5063,R04466
5064,R04469
5067,R04472
5068,R04473
5069,R04474
5072,R04476
5073,R04477
5074,R04478
5075,R04480
5076,R04480
5077,R04481
5078,R04482
5079,R04483
5080,R04484
5081,R04486
5082,R04487
5084,R04491
5085,R04491
5086,R04491
5087,R04493
5088,R04494
5089,R04495
5090,R04496
5091,R04498
5092,R04501
5093,R04502
5095,R04505
5096,R04506
5097,R04506
5098,R04506
5099,R04506
5102,R04509
5103,R04509
5105,R04510
5106,R04511
5108,R04513
5109,R04513
5110,R04513
5111,R04514
5112,R04517
5113,R04518
5114,R04519
5115,R04520
5117,R04523
5119,R04526
5122,R04531
5124,R04533
5125,R04533
5126,R04533
5127,R04534
5128,R04534
5129,R04534
5130,R04535
5131,R04535
5132,R04535
5133,R04535
5134,R04535
5135,R04536
5136,R04536
5137,R04536
5138,R04537
5139,R04537
5140,R04537
5141,R04537
5142,R04537
5144,R04540
5145,R04541
5146,R04542
5147,R04543
5148,R04543
5149,R04543
5150,R04544
5151,R04544
5152,R04544
5153,R04544
5154,R04544
5155,R04545
5156,R04546
5157,R04548
5158,R04549
5159,R04550
5160,R04552
5161,R04553
5163,R04556
5164,R04557
5167,R04560
5168,R04562
5169,R04563
5171,R04565
5172,R04566
5173,R04566
5174,R04566
5175,R04567
5176,R04568
5177,R04568
5178,R04568
5179,R04568
5180,R04568
5181,R04570
5182,R04571
5184,R04575
5186,R04577
5187,R04579
5189,R04581
5190,R04582
5192,R04584
5194,R04587
5195,R04587
5196,R04588
5199,R04591
5201,R04591
5202,R04594
5204,R04597
5205,R04598
5206,R04599
5207,R04600
5208,R04601
5209,R04602
5210,R04603
5211,R04603
5212,R04604
5213,R04606
5214,R04607
5217,R04610
5220,R04615
5223,R04618
5224,R04619
5225,R04620
5226,R04623
5228,R04631
5233,R04636
5234,R04639
5235,R04640
5236,R04641
5237,R04642
5238,R04643
5244,R04653
5245,R04654
5246,R04654
5248,R04657
5253,R04659
5254,R04659
5256,R04662
5257,R04665
5258,R04666
5259,R04671
5264,R04675
5265,R04676
5266,R04678
5267,R04678
5268,R04681
5269,R04681
5270,R04681
5271,R04681
5272,R04681
5273,R04682
5274,R04682
5275,R04682
5276,R04682
5277,R04682
5278,R04683
5280,R04687
5281,R04688
5283,R04691
5284,R04692
5285,R04692
5286,R04693
5290,R04697
5291,R04698
5292,R04699
5293,R04700
5294,R04702
5295,R04703
5296,R04705
5297,R04706
5298,R04707
5299,R04708
5300,R04709
5301,R04710
5302,R04711
5303,R04711
5304,R04713
5305,R04714
5306,R04715
5307,R04716
5308,R04717
5309,R04717
5310,R04718
5311,R04719
5312,R04720
5313,R04721
5314,R04722
5315,R04723
5316,R04724
5317,R04724
5318,R04724
5319,R04725
5320,R04725
5321,R04725
5322,R04725
5323,R04725
5324,R04725
5325,R04726
5326,R04726
5327,R04726
5328,R04726
5329,R04727
5330,R04728
5333,R04731
5334,R04733
5335,R04734
5337,R04737
5338,R04737
5339,R04737
5341,R04737
5342,R04738
5343,R04738
5344,R04738
5345,R04738
5347,R04738
5348,R04739
5349,R04739
5350,R04739
5352,R04739
5353,R04740
5354,R04740
5355,R04740
5356,R04740
5358,R04740
5359,R04741
5360,R04741
5361,R04741
5363,R04741
5364,R04742
5365,R04743
5366,R04743
5367,R04743
5368,R04743
5369,R04744
5370,R04744
5371,R04744
5372,R04744
5374,R04744
5375,R04745
5376,R04745
5377,R04745
5379,R04745
5380,R04746
5381,R04746
5382,R04746
5383,R04746
5385,R04746
5386,R04747
5387,R04748
5388,R04748
5389,R04748
5391,R04748
5392,R04749
5393,R04749
5394,R04749
5395,R04749
5397,R04749
5402,R04751
5403,R04753
5404,R04753
5408,R04756
5409,R04756
5411,R04756
5412,R04758
5417,R04762
5418,R04764
5419,R04768
5420,R04769
5421,R04770
5422,R04770
5423,R04771
5424,R04772
5426,R04776
5427,R04779
5428,R04780
5429,R04780
5430,R04780
5431,R04781
5432,R04782
5435,R04786
5436,R04787
5437,R04787
5438,R04787
5439,R04787
5440,R04787
5441,R04787
5443,R04798
5444,R04798
5445,R04798
5446,R04798
5447,R04798
5448,R04798
5449,R04800
5450,R04800
5451,R04800
5452,R04800
5453,R04800
5454,R04800
5455,R04801
5456,R04804
5457,R04805
5458,R04806
5459,R04807
5460,R04809
5461,R04809
5462,R04810
5463,R04810
5464,R04811
5465,R04812
5466,R04812
5467,R04813
5468,R04813
5469,R04817
5470,R04818
5471,R04819
5472,R04823
5473,R04824
5474,R04825
5475,R04826
5476,R04826
5477,R04827
5478,R04829
5479,R04830
5480,R04831
5481,R04832
5482,R04833
5483,R04834
5484,R04835
5485,R04836
5486,R04837
5487,R04838
5488,R04840
5489,R04842
5490,R04843
5491,R04844
5492,R04845
5493,R04846
5494,R04847
5495,R04849
5496,R04849
5497,R04850
5498,R04850
5499,R04852
5500,R04852
5501,R04853
5502,R04853
5503,R04854
5504,R04855
5507,R04858
5508,R04859
5509,R04859
5510,R04859
5511,R04859
5512,R04859
5514,R04862
5515,R04862
5516,R04863
5517,R04863
5518,R04863
5519,R04864
5521,R04866
5522,R04866
5523,R04866
5524,R04867
5525,R04867
5526,R04867
5527,R04868
5529,R04872
5530,R04880
5531,R04880
5532,R04880
5533,R04881
5534,R04882
5535,R04883
5536,R04884
5537,R04887
5538,R04888
5539,R04889
5541,R04891
5542,R04892
5545,R04900
5546,R04901
5547,R04901
5548,R04902
5549,R04903
5550,R04903
5551,R04903
5552,R04903
5553,R04904
5554,R04905
5557,R04909
5558,R04911
5559,R04915
5560,R04920
5561,R04920
5562,R04922
5563,R04922
5564,R04927
5565,R04928
5566,R04928
5567,R04929
5568,R04929
5569,R04930
5570,R04931
5574,R04941
5575,R04942
5576,R04942
5577,R04942
5578,R04944
5579,R04945
5580,R04946
5581,R04948
5582,R04948
5583,R04948
5585,R04950
5586,R04951
5587,R04951
5588,R04951
5589,R04951
5590,R04952
5591,R04952
5592,R04952
5593,R04952
5594,R04953
5595,R04953
5596,R04953
5597,R04954
5598,R04954
5599,R04954
5600,R04954
5601,R04954
5602,R04955
5603,R04955
5604,R04955
5605,R04956
5606,R04956
5607,R04956
5608,R04956
5609,R04956
5610,R04956
5611,R04957
5612,R04957
5613,R04957
5614,R04957
5615,R04958
5616,R04958
5617,R04958
5618,R04959
5619,R04959
5620,R04959
5621,R04959
5622,R04959
5623,R04959
5624,R04960
5625,R04960
5626,R04960
5627,R04960
5628,R04961
5629,R04961
5630,R04961
5631,R04962
5632,R04962
5633,R04962
5634,R04962
5635,R04962
5636,R04962
5637,R04963
5638,R04963
5639,R04963
5640,R04963
5641,R04964
5642,R04964
5643,R04964
5644,R04965
5645,R04965
5646,R04965
5647,R04965
5648,R04965
5649,R04966
5650,R04966
5651,R04966
5652,R04967
5653,R04967
5654,R04967
5655,R04967
5656,R04967
5657,R04967
5658,R04968
5659,R04968
5660,R04968
5661,R04968
5662,R04969
5663,R04969
5664,R04969
5665,R04970
5666,R04970
5667,R04970
5668,R04970
5669,R04970
5670,R04970
5671,R04972
5673,R04983
5674,R04985
5675,R04986
5676,R04988
5677,R04988
5678,R04990
5679,R04990
5680,R04993
5681,R04993
5682,R04996
5684,R05000
5685,R05002
5686,R05032
5687,R05035
5688,R05036
5689,R05037
5690,R05038
5691,R05038
5692,R05039
5693,R05046
5694,R05048
5695,R05049
5696,R05050
5697,R05050
5698,R05050
5699,R05050
5700,R05051
5701,R05051
5705,R05061
5707,R05064
5708,R05066
5709,R05066
5710,R05066
5712,R05066
5713,R05068
5714,R05069
5715,R05069
5716,R05070
5717,R05071
5718,R05071
5719,R05072
5724,R05075
5725,R05076
5726,R05081
5728,R05086
5729,R05092
5730,R05097
5731,R05098
5732,R05099
5733,R05099
5736,R05105
5737,R05109
5738,R05110
5739,R05111
5746,R05123
5747,R05124
5748,R05126
5749,R05127
5750,R05132
5753,R05135
5754,R05135
5755,R05135
5756,R05136
5758,R05140
5761,R05144
5762,R05145
5763,R05145
5764,R05145
5765,R05145
5766,R05145
5767,R05146
5768,R05147
5769,R05148
5770,R05149
5771,R05150
5772,R05150
5773,R05151
5774,R05152
5775,R05154
5776,R05155
5777,R05156
5778,R05157
5779,R05158
5780,R05162
5781,R05163
5782,R05164
5783,R05165
5785,R05167
5786,R05168
5787,R05169
5788,R05170
5789,R05171
5790,R05172
5791,R05173
5792,R05174
5794,R05176
5795,R05177
5796,R05177
5797,R05179
5798,R05180
5799,R05180
5801,R05181
5802,R05181
5803,R05182
5804,R05183
5805,R05185
5806,R05186
5807,R05188
5808,R05189
5809,R05190
5810,R05191
5812,R05196
5816,R05199
5817,R05202
5821,R05211
5822,R05212
5823,R05213
5824,R05214
5826,R05216
5827,R05217
5829,R05219
5830,R05220
5831,R05221
5832,R05221
5833,R05222
5834,R05222
5835,R05223
5839,R05226
5841,R05229
5843,R05231
5844,R05233
5845,R05233
5846,R05233
5847,R05234
5848,R05234
5849,R05234
5850,R05235
5851,R05236
5852,R05237
5853,R05238
5854,R05239
5855,R05240
5856,R05241
5857,R05244
5858,R05245
5859,R05246
5860,R05247
5861,R05248
5862,R05249
5863,R05258
5866,R05261
5867,R05261
5868,R05262
5869,R05262
5870,R05263
5871,R05263
5872,R05264
5873,R05264
5874,R05266
5875,R05270
5876,R05271
5877,R05272
5878,R05273
5879,R05274
5880,R05275
5881,R05276
5882,R05282
5883,R05283
5886,R05286
5889,R05288
5890,R05289
5891,R05289
5892,R05290
5893,R05291
5894,R05292
5895,R05292
5896,R05293
5897,R05293
5898,R05294
5899,R05295
5901,R05297
5902,R05298
5903,R05298
5904,R05299
5905,R05300
5906,R05301
5907,R05304
5908,R05305
5909,R05305
5910,R05305
5912,R05305
5913,R05308
5914,R05309
5915,R05310
5916,R05311
5917,R05312
5918,R05313
5919,R05314
5920,R05314
5921,R05315
5922,R05316
5924,R05318
5925,R05320
5926,R05321
5927,R05322
5928,R05323
5929,R05324
5930,R05325
5931,R05326
5932,R05327
5933,R05328
5934,R05329
5935,R05330
5936,R05331
5937,R05332
5938,R05332
5939,R05333
5943,R05338
5944,R05338
5945,R05338
5946,R05339
5947,R05339
5948,R05341
5949,R05341
5950,R05347
5951,R05348
5952,R05349
5953,R05350
5954,R05352
5955,R05353
5956,R05353
5957,R05354
5958,R05355
5959,R05357
5970,R05373
5971,R05374
5972,R05375
5973,R05378
5974,R05379
5975,R05380
5976,R05383
5978,R05390
5979,R05391
5980,R05392
5981,R05393
5982,R05399
5983,R05404
5984,R05405
5985,R05405
5986,R05406
5987,R05414
5991,R05422
5992,R05422
5993,R05423
5994,R05423
5995,R05424
5996,R05424
5997,R05425
5998,R05425
5999,R05426
6000,R05426
6001,R05427
6002,R05427
6003,R05428
6004,R05441
6005,R05442
6006,R05443
6007,R05444
6011,R05453
6012,R05465
6013,R05466
6015,R05468
6016,R05469
6018,R05496
6019,R05499
6020,R05500
6021,R05501
6022,R05506
6027,R05520
6028,R05521
6029,R05522
6030,R05526
6031,R05530
6032,R05531
6033,R05532
6037,R05551
6039,R05553
6040,R05554
6041,R05556
6045,R05561
6046,R05562
6047,R05563
6048,R05566
6049,R05570
6050,R05571
6051,R05575
6052,R05576
6058,R05579
6060,R05581
6062,R05586
6064,R05590
6068,R05595
6069,R05595
6070,R05595
6071,R05595
6072,R05596
6073,R05597
6074,R05598
6075,R05604
6076,R05605
6077,R05605
6078,R05605
6079,R05606
6080,R05607
6081,R05608
6082,R05614
6083,R05614
6084,R05615
6085,R05616
6086,R05617
6088,R05621
6089,R05622
6090,R05623
6092,R05626
6093,R05627
6094,R05629
6095,R05630
6096,R05631
6097,R05632
6098,R05632
6099,R05633
6100,R05633
6101,R05634
6102,R05635
6104,R05637
6105,R05637
6106,R05639
6107,R05640
6108,R05641
6109,R05643
6110,R05644
6111,R05644
6112,R05645
6113,R05646
6114,R05646
6115,R05647
6116,R05647
6119,R05659
6120,R05661
6121,R05662
6122,R05663
6123,R05663
6124,R05664
6125,R05664
6126,R05665
6127,R05666
6128,R05676
6129,R05678
6130,R05679
6131,R05680
6132,R05681
6133,R05682
6134,R05683
6135,R05683
6136,R05684
6137,R05685
6138,R05686
6139,R05687
6140,R05688
6141,R05689
6142,R05690
6143,R05691
6144,R05692
6145,R05693
6146,R05695
6147,R05696
6148,R05697
6149,R05698
6150,R05699
6151,R05700
6152,R05701
6153,R05702
6154,R05703
6159,R05705
6162,R05707
6165,R05708
6166,R05711
6167,R05712
6168,R05713
6169,R05714
6170,R05715
6171,R05716
6173,R05718
6174,R05719
6175,R05720
6176,R05721
6177,R05722
6178,R05723
6179,R05724
6180,R05725
6181,R05727
6182,R05728
6183,R05729
6184,R05730
6185,R05731
6186,R05732
6187,R05733
6188,R05734
6189,R05735
6190,R05736
6191,R05737
6192,R05738
6193,R05739
6194,R05740
6195,R05741
6196,R05742
6197,R05743
6199,R05745
6205,R05751
6207,R05753
6208,R05754
6209,R05755
6210,R05756
6211,R05757
6212,R05758
6213,R05759
6214,R05760
6215,R05761
6216,R05762
6217,R05763
6218,R05764
6219,R05765
6220,R05765
6221,R05766
6222,R05766
6223,R05767
6224,R05768
6225,R05769
6226,R05771
6227,R05772
6228,R05772
6229,R05773
6230,R05773
6231,R05774
6233,R05776
6234,R05777
6235,R05778
6236,R05779
6238,R05781
6239,R05782
6240,R05783
6243,R05789
6244,R05790
6245,R05791
6248,R05794
6249,R05795
6252,R05798
6253,R05798
6254,R05798
6256,R05800
6257,R05800
6258,R05801
6259,R05801
6260,R05802
6261,R05803
6262,R05804
6263,R05805
6264,R05805
6265,R05806
6266,R05807
6267,R05808
6268,R05808
6269,R05808
6270,R05809
6271,R05809
6273,R05810
6274,R05810
6275,R05812
6276,R05812
6277,R05813
6278,R05813
6279,R05814
6280,R05814
6285,R05817
6286,R05818
6287,R05819
6288,R05820
6289,R05821
6290,R05822
6291,R05823
6294,R05827
6295,R05828
6296,R05830
6297,R05831
6298,R05832
6300,R05834
6301,R05835
6302,R05837
6305,R05841
6306,R05841
6307,R05842
6312,R05850
6313,R05855
6314,R05857
6319,R05864
6320,R05864
6322,R05875
6323,R05876
6324,R05877
6326,R05879
6328,R05882
6329,R05884
6330,R05885
6333,R05901
6334,R05904
6337,R05907
6338,R05908
6339,R05909
6340,R05910
6341,R05910
6343,R05912
6346,R05915
6347,R05916
6348,R05917
6349,R05925
6350,R05926
6351,R05927
6352,R05928
6353,R05929
6354,R05929
6355,R05930
6356,R05930
6357,R05931
6358,R05931
6359,R05932
6360,R05932
6361,R05933
6362,R05933
6363,R05934
6364,R05934
6365,R05935
6366,R05935
6367,R05936
6368,R05936
6370,R05938
6371,R05939
6373,R05941
6376,R05946
6378,R05948
6380,R05952
6381,R05953
6382,R05956
6385,R05960
6388,R05962
6390,R05965
6393,R05968
6394,R05969
6395,R05970
6396,R05971
6397,R05972
6398,R05973
6399,R05973
6400,R05974
6401,R05975
6402,R05975
6404,R05977
6405,R05977
6406,R05977
6407,R05977
6408,R05978
6413,R05983
6415,R05985
6416,R05986
6417,R05987
6418,R05988
6419,R05989
6420,R05989
6421,R05989
6423,R05991
6424,R05992
6425,R05992
6436,R06006
6440,R06011
6442,R06013
6443,R06013
6444,R06014
6445,R06015
6446,R06016
6447,R06018
6448,R06018
6449,R06020
6450,R06022
6451,R06023
6452,R06024
6453,R06025
6454,R06025
6456,R06027
6457,R06028
6458,R06029
6459,R06029
6460,R06030
6461,R06031
6463,R06033
6464,R06033
6465,R06033
6466,R06033
6467,R06034
6468,R06035
6469,R06036
6471,R06038
6472,R06038
6473,R06039
6474,R06039
6475,R06040
6476,R06041
6477,R06042
6478,R06043
6479,R06044
6480,R06045
6481,R06046
6482,R06047
6483,R06048
6484,R06049
6485,R06050
6486,R06051
6487,R06052
6488,R06053
6490,R06055
6491,R06056
6492,R06057
6493,R06058
6494,R06059
6495,R06061
6496,R06062
6497,R06066
6498,R06066
6499,R06067
6500,R06068
6501,R06069
6503,R06071
6504,R06072
6505,R06073
6506,R06074
6507,R06075
6508,R06075
6509,R06076
6510,R06076
6513,R06079
6517,R06083
6519,R06085
6520,R06086
6530,R06089
6531,R06090
6536,R06095
6537,R06095
6562,R06117
6564,R06119
6565,R06120
6567,R06122
6573,R06125
6574,R06126
6575,R06127
6576,R06128
6577,R06129
6578,R06130
6579,R06131
6580,R06131
6581,R06131
6582,R06131
6583,R06132
6584,R06132
6585,R06132
6586,R06132
6587,R06132
6588,R06132
6589,R06132
6590,R06132
6597,R06134
6598,R06134
6599,R06134
6600,R06134
6601,R06134
6602,R06134
6603,R06134
6604,R06134
6605,R06134
6606,R06134
6607,R06134
6608,R06134
6609,R06134
6610,R06134
6611,R06134
6612,R06134
6613,R06135
6615,R06138
6616,R06138
6617,R06138
6618,R06138
6619,R06138
6620,R06139
6626,R06145
6636,R06155
6637,R06156
6643,R06162
6644,R06163
6645,R06164
6646,R06165
6647,R06166
6648,R06167
6649,R06167
6650,R06168
6651,R06168
6652,R06169
6653,R06170
6654,R06171
6655,R06171
6656,R06172
6657,R06173
6658,R06174
6660,R06176
6661,R06177
6662,R06178
6663,R06179
6664,R06180
6665,R06180
6666,R06180
6667,R06181
6668,R06182
6669,R06183
6670,R06184
6671,R06185
6672,R06186
6673,R06187
6674,R06187
6676,R06189
6677,R06190
6678,R06190
6679,R06191
6680,R06191
6681,R06193
6682,R06193
6683,R06197
6684,R06197
6700,R06211
6701,R06212
6702,R06214
6703,R06217
6704,R06218
6705,R06219
6706,R06221
6707,R06221
6708,R06222
6709,R06222
6710,R06223
6711,R06224
6712,R06224
6714,R06226
6715,R06227
6716,R06227
6717,R06228
6718,R06229
6719,R06230
6720,R06230
6721,R06233
6722,R06235
6723,R06236
6724,R06237
6725,R06238
6726,R06238
6730,R06241
6732,R06243
6733,R06244
6734,R06245
6735,R06246
6736,R06247
6739,R06251
6741,R06258
6742,R06259
6743,R06259
6744,R06260
6745,R06261
6746,R06261
6747,R06262
6748,R06263
6749,R06264
6750,R06265
6751,R06266
6752,R06267
6753,R06272
6755,R06275
6756,R06276
6757,R06277
6758,R06277
6759,R06278
6760,R06279
6763,R06282
6765,R06284
6767,R06286
6768,R06289
6769,R06290
6770,R06291
6771,R06292
6772,R06293
6773,R06294
6774,R06295
6775,R06296
6776,R06297
6777,R06298
6778,R06298
6779,R06298
6780,R06298
6781,R06298
6782,R06299
6783,R06301
6784,R06301
6785,R06302
6786,R06302
6787,R06303
6788,R06303
6789,R06303
6790,R06304
6791,R06304
6792,R06305
6793,R06306
6794,R06307
6795,R06308
6796,R06309
6797,R06310
6798,R06311
6799,R06312
6800,R06312
6801,R06313
6802,R06313
6803,R06314
6804,R06314
6805,R06315
6806,R06315
6807,R06322
6808,R06323
6809,R06326
6810,R06336
6811,R06337
6812,R06338
6813,R06342
6814,R06343
6815,R06344
6816,R06345
6817,R06351
6818,R06354
6819,R06357
6820,R06361
6821,R06363
6822,R06364
6823,R06364
6824,R06366
6825,R06372
6826,R06373
6827,R06376
6828,R06377
6829,R06378
6830,R06379
6831,R06382
6832,R06383
6833,R06384
6834,R06385
6835,R06386
6836,R06387
6837,R06388
6838,R06389
6843,R06398
6844,R06399
6845,R06400
6846,R06411
6847,R06411
6849,R06411
6850,R06412
6851,R06412
6853,R06412
6854,R06417
6855,R06419
6856,R06420
6857,R06421
6858,R06421
6859,R06422
6863,R06427
6864,R06432
6865,R06437
6866,R06438
6867,R06439
6868,R06447
6869,R06450
6870,R06451
6871,R06452
6872,R06456
6873,R06460
6874,R06461
6875,R06462
6876,R06463
6877,R06464
6878,R06466
6879,R06466
6880,R06466
6881,R06466
6882,R06469
6883,R06469
6884,R06469
6885,R06471
6886,R06471
6887,R06471
6888,R06502
6889,R06513
6890,R06514
6891,R06516
6892,R06517
6893,R06518
6894,R06520
6895,R06521
6896,R06522
6897,R06523
6898,R06525
6899,R06526
6900,R06527
6901,R06528
6903,R06530
6904,R06531
6905,R06532
6906,R06533
6907,R06534
6908,R06535
6909,R06536
6910,R06537
6911,R06537
6912,R06538
6913,R06538
6914,R06539
6915,R06540
6916,R06541
6917,R06542
6918,R06543
6919,R06544
6920,R06545
6921,R06546
6922,R06547
6923,R06551
6924,R06556
6925,R06558
6926,R06558
6927,R06560
6928,R06560
6929,R06561
6930,R06562
6931,R06563
6932,R06564
6933,R06564
6934,R06568
6935,R06568
6936,R06569
6937,R06570
6938,R06571
6939,R06574
6940,R06575
6941,R06576
6942,R06577
6943,R06578
6944,R06582
6946,R06585
6947,R06586
6948,R06588
6949,R06589
6951,R06595
6952,R06601
6953,R06601
6955,R06602
6956,R06604
6957,R06604
6958,R06604
6959,R06606
6960,R06607
6961,R06610
6962,R06610
6963,R06611
6964,R06613
6965,R06615
6966,R06620
6967,R06621
6968,R06622
6969,R06623
6970,R06624
6972,R06632
6973,R06633
6975,R06635
6976,R06637
6977,R06641
6978,R06643
6979,R06644
6980,R06645
6981,R06675
6982,R06676
6983,R06676
6984,R06677
6986,R06680
6987,R06681
6988,R06681
6989,R06682
6990,R06683
6991,R06687
6992,R06688
6993,R06689
6994,R06690
6995,R06691
6996,R06692
6997,R06693
6998,R06699
7000,R06701
7001,R06704
7005,R06734
7006,R06735
7007,R06736
7009,R06757
7010,R06767
7011,R06767
7012,R06770
7013,R06771
7015,R06773
7016,R06774
7019,R06778
7021,R06782
7022,R06782
7023,R06783
7024,R06783
7025,R06784
7026,R06785
7027,R06786
7028,R06787
7029,R06788
7031,R06793
7032,R06794
7033,R06795
7034,R06796
7035,R06797
7036,R06799
7037,R06800
7038,R06801
7039,R06803
7040,R06804
7041,R06805
7042,R06806
7043,R06807
7044,R06808
7045,R06809
7046,R06810
7047,R06811
7048,R06812
7049,R06813
7050,R06814
7051,R06815
7052,R06816
7053,R06817
7054,R06819
7055,R06820
7056,R06821
7057,R06824
7058,R06826
7059,R06827
7060,R06828
7061,R06829
7062,R06832
7063,R06833
7064,R06834
7068,R06839
7069,R06840
7070,R06846
7071,R06847
7072,R06848
7073,R06857
7074,R06858
7075,R06859
7076,R06859
7081,R06868
7082,R06869
7083,R06870
7084,R06871
7085,R06872
7086,R06875
7087,R06875
7088,R06892
7091,R06895
7092,R06896
7093,R06909
7094,R06909
7095,R06910
7096,R06910
7097,R06915
7098,R06917
7099,R06917
7100,R06917
7101,R06927
7102,R06927
7103,R06927
7104,R06930
7105,R06930
7106,R06931
7107,R06931
7108,R06936
7109,R06937
7110,R06937
7111,R06939
7112,R06941
7113,R06941
7114,R06941
7116,R06941
7117,R06942
7118,R06942
7119,R06942
7121,R06942
7122,R06946
7123,R06947
7124,R06948
7125,R06951
7126,R06952
7127,R06953
7128,R06954
7129,R06957
7130,R06960
7131,R06962
7132,R06963
7135,R06973
7136,R06975
7139,R06978
7140,R06979
7141,R06980
7142,R06982
7143,R06983
7144,R06983
7145,R06985
7146,R06985
7147,R06986
7148,R06987
7149,R06988
7150,R06989
7151,R06990
7152,R07000
7153,R07000
7154,R07000
7155,R07000
7157,R07001
7158,R07001
7159,R07001
7160,R07001
7162,R07002
7163,R07003
7164,R07004
7167,R07015
7168,R07015
7171,R07023
7172,R07024
7173,R07025
7174,R07026
7176,R07034
7177,R07035
7179,R07041
7180,R07041
7181,R07041
7186,R07046
7187,R07046
7188,R07046
7190,R07046
7191,R07048
7192,R07048
7193,R07048
7195,R07050
7196,R07050
7197,R07050
7199,R07050
7200,R07051
7201,R07051
7202,R07051
7205,R07053
7207,R07055
7208,R07055
7209,R07055
7210,R07055
7211,R07055
7212,R07055
7213,R07055
7215,R07056
7216,R07056
7217,R07056
7218,R07056
7219,R07056
7220,R07056
7221,R07056
7223,R07057
7224,R07059
7225,R07060
7226,R07061
7227,R07061
7228,R07061
7229,R07062
7230,R07062
7231,R07063
7232,R07064
7238,R07069
7239,R07070
7242,R07079
7243,R07079
7244,R07079
7245,R07079
7246,R07079
7247,R07079
7248,R07079
7250,R07080
7251,R07080
7252,R07080
7253,R07080
7254,R07080
7255,R07080
7256,R07080
7258,R07081
7259,R07081
7260,R07081
7261,R07081
7262,R07081
7263,R07081
7264,R07081
7267,R07083
7268,R07084
7269,R07085
7270,R07085
7271,R07085
7272,R07085
7273,R07085
7274,R07085
7275,R07085
7277,R07087
7278,R07087
7279,R07087
7280,R07087
7281,R07087
7282,R07087
7283,R07087
7285,R07091
7286,R07092
7287,R07093
7288,R07094
7289,R07098
7292,R07100
7293,R07104
7294,R07105
7295,R07105
7296,R07106
7297,R07108
7299,R07109
7301,R07110
7303,R07111
7305,R07113
7306,R07116
7307,R07125
7308,R07127
7310,R07133
7311,R07134
7312,R07135
7313,R07136
7314,R07136
7315,R07137
7316,R07138
7317,R07140
7318,R07141
7319,R07142
7320,R07143
7321,R07144
7322,R07145
7323,R07147
7324,R07147
7325,R07147
7326,R07148
7327,R07149
7328,R07150
7329,R07151
7330,R07152
7331,R07153
7332,R07154
7333,R07155
7334,R07156
7335,R07157
7336,R07157
7337,R07158
7338,R07159
7339,R07160
7340,R07161
7341,R07162
7342,R07163
7343,R07164
7344,R07165
7349,R07170
7353,R07174
7354,R07175
7356,R07177
7359,R07180
7360,R07181
7361,R07181
7362,R07182
7363,R07183
7364,R07184
7365,R07185
7366,R07186
7367,R07187
7368,R07188
7369,R07190
7370,R07191
7371,R07192
7372,R07193
7373,R07194
7374,R07195
7375,R07196
7376,R07197
7377,R07198
7378,R07199
7379,R07200
7380,R07201
7381,R07202
7382,R07203
7383,R07204
7384,R07205
7385,R07206
7386,R07207
7387,R07208
7388,R07209
7391,R07211
7392,R07212
7393,R07213
7394,R07214
7396,R07216
7397,R07217
7398,R07218
7399,R07219
7401,R07221
7402,R07222
7403,R07222
7404,R07223
7405,R07224
7406,R07225
7410,R07229
7411,R07230
7412,R07232
7413,R07233
7414,R07233
7415,R07234
7416,R07234
7417,R07234
7418,R07234
7419,R07234
7420,R07235
7421,R07235
7422,R07236
7423,R07237
7424,R07238
7425,R07239
7426,R07240
7427,R07240
7428,R07241
7429,R07242
7430,R07243
7431,R07243
7432,R07243
7433,R07244
7434,R07244
7435,R07244
7438,R07248
7439,R07249
7440,R07250
7441,R07251
7442,R07252
7443,R07253
7444,R07255
7445,R07256
7446,R07257
7447,R07258
7448,R07259
7449,R07260
7450,R07261
7451,R07262
7452,R07263
7453,R07264
7454,R07265
7455,R07266
7456,R07267
7457,R07267
7458,R07268
7459,R07270
7460,R07270
7461,R07270
7462,R07271
7463,R07272
7464,R07273
7465,R07274
7466,R07274
7467,R07274
7474,R07279
7475,R07281
7476,R07281
7477,R07282
7478,R07285
7479,R07287
7480,R07288
7481,R07289
7486,R07294
7487,R07294
7488,R07295
7489,R07296
7490,R07297
7491,R07297
7492,R07298
7493,R07299
7494,R07300
7495,R07301
7497,R07303
7498,R07305
7499,R07306
7500,R07307
7506,R07312
7507,R07313
7508,R07314
7509,R07316
7510,R07316
7511,R07317
7512,R07318
7513,R07319
7514,R07320
7515,R07321
7516,R07322
7517,R07322
7518,R07323
7519,R07323
7520,R07324
7521,R07326
7522,R07328
7523,R07328
7524,R07329
7525,R07330
7526,R07332
7527,R07333
7528,R07334
7529,R07335
7530,R07336
7531,R07336
7532,R07337
7533,R07338
7534,R07339
7535,R07340
7536,R07341
7538,R07343
7539,R07344
7540,R07345
7541,R07346
7542,R07347
7543,R07348
7544,R07349
7545,R07350
7546,R07350
7547,R07351
7548,R07352
7552,R07356
7553,R07357
7554,R07358
7555,R07359
7556,R07359
7559,R07362
7560,R07363
7561,R07363
7562,R07364
7563,R07364
7564,R07365
7565,R07366
7566,R07367
7567,R07368
7568,R07369
7569,R07370
7570,R07371
7571,R07372
7572,R07372
7573,R07373
7574,R07374
7575,R07375
7576,R07376
7577,R07379
7583,R07381
7584,R07384
7585,R07384
7586,R07385
7587,R07387
7593,R07388
7594,R07389
7595,R07389
7596,R07392
7597,R07392
7598,R07393
7600,R07394
7601,R07394
7602,R07395
7603,R07395
7606,R07397
7607,R07398
7608,R07399
7610,R07402
7611,R07403
7612,R07404
7613,R07405
7614,R07406
7615,R07407
7617,R07409
7618,R07410
7622,R07419
7623,R07421
7624,R07422
7625,R07423
7626,R07426
7627,R07429
7628,R07431
7629,R07432
7630,R07433
7631,R07437
7632,R07441
7633,R07442
7634,R07443
7635,R07443
7636,R07443
7637,R07447
7638,R07448
7645,R07459
7646,R07460
7648,R07475
7649,R07476
7650,R07477
7651,R07478
7652,R07479
7653,R07480
7654,R07481
7655,R07482
7656,R07483
7657,R07484
7658,R07485
7660,R07487
7661,R07488
7662,R07490
7664,R07492
7665,R07493
7666,R07494
7667,R07495
7668,R07495
7669,R07498
7670,R07499
7671,R07500
7672,R07500
7673,R07501
7674,R07502
7675,R07503
7676,R07504
7678,R07507
7679,R07509
7680,R07510
7681,R07511
7684,R07514
7686,R07516
7687,R07517
7688,R07518
7689,R07519
7690,R07520
7691,R07521
7692,R07522
7693,R07523
7694,R07524
7695,R07525
7696,R07526
7697,R07527
7698,R07528
7699,R07529
7700,R07530
7701,R07531
7702,R07532
7703,R07533
7704,R07534
7705,R07535
7706,R07536
7707,R07537
7708,R07538
7709,R07539
7710,R07543
7711,R07558
7712,R07559
7713,R07561
7714,R07562
7715,R07568
7716,R07569
7717,R07570
7718,R07572
7719,R07574
7720,R07575
7721,R07582
7722,R07583
7723,R07583
7724,R07584
7733,R07605
7738,R07610
7739,R07611
7740,R07612
7742,R07617
7743,R07617
7744,R07617
7745,R07617
7746,R07618
7747,R07620
7748,R07622
7751,R07629
7752,R07630
7753,R07631
7754,R07632
7755,R07633
7756,R07634
7757,R07635
7758,R07636
7759,R07638
7760,R07639
7761,R07639
7767,R07647
7768,R07647
7769,R07647
7770,R07648
7771,R07648
7772,R07648
7773,R07649
7774,R07650
7775,R07651
7776,R07652
7778,R07654
7779,R07657
7780,R07658
7783,R07660
7785,R07661
7786,R07664
7787,R07666
7788,R07667
7789,R07667
7792,R07671
7793,R07672
7794,R07673
7795,R07674
7796,R07674
7797,R07674
7798,R07675
7799,R07675
7800,R07676
7801,R07678
7803,R07703
7804,R07704
7805,R07704
7806,R07705
7807,R07705
7808,R07709
7809,R07709
7810,R07710
7811,R07710
7812,R07713
7813,R07715
7814,R07718
7815,R07719
7816,R07720
7817,R07721
7818,R07722
7819,R07722
7820,R07723
7821,R07724
7822,R07729
7823,R07731
7824,R07737
7825,R07738
7826,R07740
7827,R07741
7829,R07746
7830,R07747
7831,R07750
7832,R07751
7833,R07753
7834,R07754
7835,R07757
7836,R07758
7837,R07759
7838,R07759
7839,R07759
7840,R07760
7841,R07761
7842,R07761
7843,R07762
7844,R07762
7845,R07762
7846,R07763
7847,R07764
7848,R07765
7849,R07765
7850,R07766
7851,R07767
7852,R07768
7853,R07769
7854,R07770
7855,R07771
7856,R07772
7858,R07773
7859,R07774
7860,R07775
7861,R07776
7862,R07777
7863,R07778
7864,R07779
7865,R07780
7866,R07781
7867,R07786
7868,R07787
7869,R07791
7870,R07792
7871,R07795
7873,R07797
7874,R07798
7885,R07815
7895,R07827
7896,R07830
7900,R07840
7901,R07850
7902,R07851
7903,R07854
7905,R07856
7906,R07859
7914,R07863
7915,R07864
7916,R07865
7917,R07867
7918,R07869
7919,R07873
7920,R07874
7921,R07876
7922,R07877
7923,R07878
7924,R07879
7925,R07880
7926,R07882
7927,R07883
7929,R07889
7930,R07889
7931,R07889
7932,R07889
7933,R07890
7934,R07890
7935,R07890
7936,R07891
7938,R07893
7939,R07893
7940,R07893
7941,R07893
7942,R07894
7943,R07894
7944,R07894
7945,R07895
7947,R07897
7948,R07897
7949,R07897
7950,R07897
7951,R07898
7952,R07898
7953,R07898
7954,R07899
7955,R07910
7956,R07911
7957,R07912
7958,R07913
7959,R07913
7960,R07914
7961,R07916
7962,R07917
7964,R07919
7965,R07919
7966,R07920
7967,R07921
7968,R07923
7969,R07926
7970,R07927
7971,R07928
7972,R07929
7973,R07930
7974,R07931
7975,R07932
7976,R07933
7978,R07935
7979,R07935
7980,R07935
7982,R07935
7983,R07936
7984,R07936
7985,R07937
7986,R07938
7987,R07939
7989,R07940
7990,R07942
7991,R07942
7993,R07944
7995,R07946
7997,R07951
7998,R07951
7999,R07951
8001,R07951
8002,R07952
8003,R07952
8004,R07953
8005,R07954
8006,R07955
8007,R07956
8008,R07957
8009,R07958
8010,R07961
8011,R07962
8012,R07965
8013,R07966
8014,R07967
8015,R07968
8016,R07969
8017,R07970
8018,R07973
8019,R07974
8020,R07975
8021,R07976
8022,R07977
8023,R07977
8024,R07978
8025,R07978
8026,R07979
8027,R07979
8028,R07980
8029,R07981
8030,R07981
8031,R07984
8032,R07985
8033,R07987
8034,R07988
8035,R07989
8036,R07990
8037,R07993
8038,R07995
8039,R07996
8040,R07997
8041,R07998
8042,R07998
8043,R07999
8044,R07999
8045,R08002
8046,R08005
8047,R08006
8048,R08007
8049,R08008
8050,R08009
8051,R08010
8054,R08021
8055,R08022
8056,R08032
8057,R08034
8058,R08034
8059,R08034
8060,R08034
8061,R08035
8062,R08035
8063,R08036
8065,R08051
8066,R08052
8070,R08056
8071,R08057
8072,R08058
8073,R08058
8074,R08060
8077,R08081
8078,R08082
8079,R08083
8080,R08084
8081,R08085
8082,R08086
8083,R08090
8084,R08090
8085,R08091
8086,R08093
8087,R08093
8089,R08093
8090,R08094
8091,R08094
8093,R08094
8094,R08095
8095,R08100
8096,R08101
8097,R08108
8098,R08109
8099,R08110
8100,R08111
8101,R08112
8102,R08113
8103,R08114
8104,R08115
8105,R08116
8108,R08119
8112,R08144
8113,R08148
8114,R08148
8117,R08157
8118,R08157
8119,R08158
8120,R08158
8121,R08159
8122,R08159
8123,R08159
8124,R08160
8125,R08161
8126,R08162
8127,R08163
8128,R08164
8130,R08165
8132,R08165
8134,R08166
8136,R08166
8137,R08174
8138,R08175
8139,R08176
8140,R08177
8141,R08178
8142,R08179
8143,R08180
8144,R08181
8145,R08182
8146,R08183
8147,R08193
8148,R08194
8149,R08195
8150,R08196
8152,R08198
8153,R08199
8154,R08200
8155,R08201
8156,R08203
8157,R08204
8158,R08205
8159,R08206
8160,R08207
8161,R08208
8162,R08209
8163,R08210
8164,R08211
8165,R08212
8167,R08214
8168,R08215
8174,R08221
8175,R08222
8176,R08223
8178,R08226
8179,R08227
8180,R08228
8181,R08229
8182,R08230
8183,R08231
8184,R08231
8185,R08232
8186,R08233
8187,R08235
8188,R08235
8189,R08236
8190,R08237
8191,R08238
8192,R08239
8193,R08240
8194,R08243
8196,R08245
8197,R08246
8198,R08247
8199,R08248
8200,R08250
8204,R08256
8205,R08256
8206,R08256
8207,R08256
8208,R08257
8209,R08257
8210,R08257
8211,R08257
8215,R08259
8217,R08261
8218,R08262
8219,R08263
8220,R08264
8221,R08264
8222,R08264
8223,R08264
8225,R08266
8226,R08267
8227,R08267
8228,R08267
8230,R08268
8231,R08268
8232,R08268
8233,R08268
8234,R08269
8235,R08269
8236,R08269
8237,R08269
8239,R08271
8240,R08271
8241,R08271
8242,R08271
8243,R08272
8244,R08272
8245,R08272
8246,R08272
8247,R08274
8248,R08274
8249,R08274
8250,R08274
8251,R08275
8252,R08275
8253,R08275
8254,R08275
8255,R08275
8256,R08275
8257,R08275
8258,R08276
8259,R08276
8260,R08276
8261,R08276
8262,R08277
8263,R08277
8264,R08277
8265,R08277
8266,R08280
8267,R08281
8268,R08281
8269,R08282
8270,R08283
8271,R08285
8272,R08285
8273,R08285
8274,R08285
8275,R08285
8276,R08285
8277,R08285
8278,R08286
8279,R08286
8280,R08286
8281,R08286
8283,R08287
8284,R08287
8285,R08287
8286,R08287
8288,R08293
8289,R08293
8290,R08293
8291,R08293
8293,R08294
8294,R08294
8295,R08294
8296,R08294
8300,R08303
8301,R08303
8302,R08303
8303,R08303
8304,R08304
8305,R08304
8306,R08304
8307,R08304
8308,R08306
8309,R08306
8310,R08307
8311,R08310
8312,R08310
8313,R08312
8314,R08312
8315,R08312
8316,R08312
8318,R08313
8319,R08313
8320,R08313
8321,R08313
8322,R08318
8323,R08318
8324,R08318
8325,R08318
8326,R08324
8327,R08324
8328,R08324
8329,R08325
8330,R08325
8331,R08325
8332,R08326
8333,R08326
8334,R08326
8337,R08339
8338,R08339
8339,R08339
8340,R08339
8341,R08340
8342,R08340
8343,R08340
8344,R08340
8345,R08341
8346,R08341
8347,R08341
8348,R08341
8349,R08342
8350,R08342
8351,R08342
8352,R08342
8353,R08343
8354,R08343
8355,R08343
8356,R08343
8357,R08343
8358,R08343
8359,R08343
8366,R08349
8373,R08356
8374,R08357
8375,R08359
8376,R08360
8377,R08362
8378,R08363
8379,R08364
8380,R08366
8381,R08367
8382,R08368
8383,R08369
8384,R08370
8385,R08373
8386,R08373
8387,R08374
8388,R08379
8389,R08380
8390,R08381
8391,R08381
8392,R08381
8393,R08382
8394,R08383
8395,R08384
8396,R08385
8397,R08386
8398,R08387
8400,R08389
8401,R08390
8402,R08390
8403,R08390
8404,R08390
8405,R08390
8406,R08390
8407,R08390
8409,R08390
8410,R08391
8411,R08391
8412,R08391
8413,R08391
8415,R08392
8416,R08392
8417,R08392
8418,R08392
8419,R08392
8420,R08392
8421,R08392
8423,R08396
8424,R08396
8425,R08400
8427,R08404
8428,R08405
8429,R08406
8430,R08407
8431,R08408
8432,R08409
8433,R08432
8434,R08433
8436,R08468
8437,R08469
8438,R08499
8439,R08503
8440,R08505
8441,R08511
8442,R08512
8443,R08514
8444,R08515
8445,R08516
8446,R08517
8447,R08517
8448,R08518
8449,R08518
8450,R08520
8451,R08521
8452,R08522
8453,R08523
8454,R08527
8455,R08528
8456,R08529
8457,R08530
8458,R08531
8459,R08532
8460,R08533
8461,R08534
8462,R08536
8463,R08537
8464,R08538
8466,R08540
8467,R08541
8468,R08541
8469,R08542
8470,R08543
8471,R08543
8472,R08543
8473,R08544
8474,R08544
8475,R08544
8476,R08545
8477,R08546
8478,R08547
8479,R08548
8481,R08549
8482,R08549
8483,R08550
8486,R08553
8487,R08555
8488,R08557
8489,R08558
8490,R08559
8491,R08566
8492,R08567
8494,R08568
8495,R08569
8496,R08570
8497,R08570
8498,R08571
8499,R08572
8500,R08573
8501,R08574
8504,R08577
8506,R08583
8509,R08599
8512,R08602
8514,R08610
8515,R08611
8519,R08615
8520,R08616
8521,R08617
8523,R08620
8524,R08621
8525,R08624
8526,R08625
8527,R08628
8528,R08629
8529,R08632
8530,R08633
8531,R08634
8532,R08635
8533,R08636
8534,R08637
8535,R08637
8536,R08637
8537,R08639
8538,R08639
8539,R08639
8540,R08641
8541,R08642
8542,R08645
8543,R08646
8545,R08651
8546,R08652
8547,R08656
8548,R08657
8549,R08658
8550,R08661
8551,R08663
8552,R08663
8553,R08668
8554,R08676
8555,R08677
8556,R08678
8557,R08681
8558,R08682
8559,R08687
8560,R08689
8561,R08689
8562,R08691
8563,R08691
8564,R08692
8566,R08695
8567,R08695
8568,R08695
8569,R08696
8570,R08697
8571,R08697
8572,R08697
8573,R08698
8574,R08700
8575,R08707
8576,R08711
8577,R08712
8578,R08713
8582,R08721
8583,R08723
8584,R08724
8585,R08725
8586,R08726
8587,R08727
8588,R08728
8592,R08735
8596,R08740
8598,R08744
8599,R08744
8600,R08745
8601,R08745
8602,R08754
8603,R08755
8604,R08756
8605,R08758
8606,R08759
8607,R08760
8608,R08761
8609,R08762
8610,R08763
8611,R08764
8612,R08765
8613,R08769
8614,R08769
8615,R08771
8616,R08771
8617,R08774
8618,R08774
8623,R08781
8624,R08781
8625,R08781
8626,R08782
8627,R08784
8629,R08785
8630,R08787
8631,R08788
8632,R08789
8633,R08794
8635,R08805
8636,R08806
8637,R08807
8638,R08807
8639,R08808
8640,R08808
8641,R08809
8642,R08809
8643,R08810
8644,R08810
8645,R08815
8646,R08839
8647,R08839
8650,R08845
8651,R08846
8653,R08851
8654,R08852
8655,R08853
8656,R08854
8657,R08856
8658,R08859
8659,R08860
8660,R08863
8661,R08864
8662,R08868
8663,R08869
8664,R08871
8665,R08878
8666,R08878
8667,R08879
8668,R08880
8669,R08889
8674,R08892
8675,R08893
8676,R08894
8677,R08894
8678,R08895
8679,R08895
8680,R08896
8681,R08896
8685,R08898
8686,R08899
8687,R08900
8688,R08901
8689,R08901
8690,R08902
8691,R08902
8697,R08907
8703,R08914
8704,R08915
8705,R08916
8706,R08917
8707,R08918
8708,R08919
8710,R08921
8711,R08922
8712,R08923
8713,R08924
8714,R08925
8715,R08926
8718,R08938
8719,R08939
8720,R08940
8723,R08943
8724,R08944
8725,R08945
8726,R08945
8727,R08945
8728,R08945
8729,R08945
8730,R08946
8731,R08947
8732,R08948
8733,R08949
8734,R08950
8735,R08951
8736,R08952
8737,R08954
8738,R08954
8739,R08955
8740,R08955
8741,R08955
8743,R08957
8744,R08957
8745,R08957
8746,R08958
8747,R08959
8748,R08959
8749,R08960
8750,R08960
8751,R08960
8752,R08961
8753,R08962
8754,R08963
8756,R08966
8757,R08967
8758,R08967
8759,R08968
8760,R08969
8762,R08972
8763,R08973
8767,R08977
8768,R08977
8769,R08978
8770,R08978
8772,R08980
8773,R08980
8774,R08980
8775,R08980
8776,R08980
8777,R08981
8778,R08982
8779,R08991
8780,R08993
8781,R09002
8782,R09009
8783,R09009
8784,R09030
8785,R09032
8786,R09034
8787,R09034
8788,R09035
8789,R09035
8790,R09036
8791,R09036
8792,R09036
8793,R09037
8794,R09040
8795,R09042
8796,R09047
8797,R09053
8798,R09057
8799,R09057
8800,R09058
8801,R09058
8802,R09060
8803,R09067
8805,R09069
8806,R09070
8807,R09071
8808,R09074
8809,R09074
8810,R09075
8811,R09076
8812,R09076
8813,R09076
8814,R09077
8815,R09078
8818,R09081
8819,R09082
8820,R09083
8821,R09084
8822,R09084
8823,R09085
8824,R09085
8825,R09086
8826,R09086
8828,R09092
8829,R09095
8830,R09096
8831,R09097
8832,R09097
8833,R09098
8834,R09098
8836,R09106
8837,R09107
8838,R09111
8839,R09111
8840,R09115
8841,R09116
8842,R09117
8843,R09119
8844,R09120
8845,R09120
8846,R09121
8847,R09122
8848,R09123
8849,R09124
8850,R09124
8851,R09125
8852,R09126
8855,R09129
8856,R09134
8857,R09135
8859,R09137
8860,R09138
8861,R09140
8862,R09141
8863,R09148
8864,R09151
8865,R09151
8866,R09151
8867,R09152
8868,R09152
8869,R09152
8870,R09156
8871,R09159
8872,R09159
8873,R09162
8874,R09162
8875,R09183
8876,R09183
8877,R09186
8878,R09193
8879,R09215
8880,R09217
8882,R09221
8884,R09223
8885,R09224
8886,R09227
8887,R09229
8888,R09244
8889,R09245
8890,R09245
8891,R09246
8892,R09246
8893,R09247
8894,R09248
8895,R09249
8896,R09250
8897,R09250
8898,R09251
8899,R09251
8903,R09255
8904,R09256
8905,R09257
8906,R09258
8907,R09259
8908,R09269
8909,R09272
8911,R09280
8912,R09280
8913,R09281
8914,R09282
8916,R09284
8917,R09286
8918,R09286
8920,R09289
8921,R09289
8922,R09289
8923,R09291
8925,R09295
8926,R09296
8929,R09299
8930,R09299
8931,R09299
8932,R09304
8933,R09317
8934,R09317
8935,R09318
8936,R09319
8937,R09322
8940,R09328
8941,R09328
8942,R09329
8943,R09331
8944,R09332
8945,R09334
8947,R09335
8950,R09339
8951,R09358
8952,R09359
8953,R09363
8954,R09364
8955,R09365
8956,R09365
8959,R09366
8960,R09366
8961,R09370
8962,R09370
8963,R09372
8966,R09373
8967,R09374
8968,R09375
8969,R09376
8970,R09378
8972,R09380
8973,R09380
8974,R09381
8975,R09381
8976,R09382
8977,R09383
8978,R09384
8979,R09385
8980,R09386
8982,R09388
8983,R09389
8984,R09390
8985,R09391
8986,R09392
8987,R09393
8988,R09394
8989,R09395
8990,R09396
8991,R09397
8992,R09398
8998,R09402
8999,R09403
9000,R09403
9001,R09404
9002,R09404
9003,R09404
9004,R09404
9009,R09408
9010,R09408
9011,R09408
9012,R09408
9014,R09409
9019,R09419
9020,R09420
9021,R09420
9022,R09420
9023,R09420
9024,R09420
9026,R09423
9027,R09423
9028,R09423
9029,R09423
9033,R09426
9034,R09427
9035,R09428
9038,R09444
9039,R09445
9040,R09446
9041,R09449
9042,R09450
9045,R09466
9046,R09472
9048,R09473
9049,R09474
9050,R09474
9052,R09476
9053,R09477
9054,R09478
9055,R09479
9057,R09481
9058,R09482
9059,R09483
9060,R09483
9061,R09484
9062,R09485
9063,R09486
9064,R09487
9065,R09487
9066,R09487
9067,R09488
9068,R09489
9069,R09491
9070,R09492
9071,R09493
9072,R09494
9073,R09495
9074,R09496
9075,R09497
9076,R09498
9077,R09499
9078,R09500
9079,R09501
9080,R09502
9081,R09503
9082,R09504
9083,R09504
9084,R09505
9085,R09506
9087,R09508
9088,R09509
9089,R09510
9090,R09511
9091,R09512
9092,R09513
9093,R09513
9094,R09514
9095,R09515
9096,R09516
9100,R09518
9101,R09518
9102,R09519
9103,R09520
9108,R09523
9109,R09524
9110,R09525
9111,R09526
9112,R09527
9113,R09528
9114,R09529
9115,R09530
9116,R09531
9117,R09532
9118,R09532
9122,R09536
9123,R09537
9124,R09538
9125,R09539
9126,R09540
9127,R09541
9128,R09542
9129,R09543
9130,R09544
9131,R09545
9132,R09546
9133,R09547
9134,R09548
9135,R09548
9136,R09549
9137,R09549
9138,R09550
9139,R09551
9140,R09552
9141,R09553
9142,R09554
9143,R09555
9144,R09556
9145,R09557
9146,R09558
9147,R09559
9149,R09561
9152,R09563
9154,R09565
9155,R09565
9156,R09566
9159,R09569
9160,R09570
9162,R09572
9163,R09573
9164,R09574
9165,R09575
9166,R09576
9167,R09577
9168,R09578
9169,R09579
9170,R09580
9171,R09581
9172,R09583
9173,R09584
9174,R09585
9175,R09586
9176,R09587
9186,R09597
9189,R09600
9190,R09601
9192,R09603
9193,R09604
9194,R09605
9195,R09606
9196,R09607
9197,R09608
9198,R09608
9199,R09608
9200,R09609
9201,R09610
9202,R09611
9203,R09612
9204,R09612
9205,R09613
9206,R09613
9207,R09614
9208,R09614
9209,R09614
9210,R09615
9211,R09616
9212,R09617
9213,R09618
9214,R09618
9215,R09618
9216,R09619
9217,R09620
9218,R09621
9219,R09622
9220,R09623
9221,R09624
9222,R09625
9223,R09626
9224,R09627
9225,R09628
9226,R09629
9227,R09630
9228,R09631
9229,R09632
9230,R09633
9231,R09634
9232,R09635
9233,R09636
9234,R09637
9235,R09638
9236,R09639
9237,R09640
9238,R09641
9239,R09642
9240,R09643
9241,R09644
9243,R09646
9244,R09647
9245,R09648
9246,R09649
9247,R09650
9248,R09651
9249,R09652
9250,R09653
9251,R09654
9253,R09656
9254,R09657
9255,R09658
9256,R09659
9257,R09660
9260,R09663
9261,R09664
9262,R09665
9263,R09666
9264,R09667
9265,R09668
9266,R09669
9267,R09670
9268,R09671
9269,R09672
9271,R09673
9274,R09675
9275,R09675
9276,R09676
9277,R09677
9278,R09678
9279,R09679
9280,R09680
9281,R09681
9282,R09682
9283,R09683
9284,R09684
9285,R09685
9286,R09686
9287,R09687
9288,R09688
9289,R09689
9291,R09691
9292,R09691
9293,R09691
9294,R09691
9295,R09692
9296,R09692
9297,R09692
9298,R09692
9299,R09692
9300,R09693
9301,R09694
9302,R09694
9303,R09695
9304,R09696
9305,R09697
9306,R09698
9307,R09699
9308,R09700
9309,R09701
9310,R09702
9311,R09703
9314,R09707
9315,R09708
9316,R09709
9317,R09710
9318,R09711
9319,R09712
9320,R09713
9321,R09714
9322,R09715
9323,R09716
9324,R09717
9325,R09718
9327,R09720
9328,R09721
9333,R09726
9335,R09727
9336,R09728
9337,R09729
9338,R09730
9339,R09731
9340,R09732
9341,R09733
9342,R09734
9343,R09735
9345,R09736
9346,R09736
9347,R09737
9348,R09738
9352,R09742
9353,R09743
9354,R09743
9358,R09747
9364,R09752
9365,R09753
9366,R09754
9367,R09755
9368,R09755
9369,R09756
9370,R09757
9371,R09758
9372,R09759
9373,R09760
9381,R09767
9382,R09768
9383,R09769
9384,R09770
9385,R09771
9386,R09771
9387,R09772
9388,R09773
9389,R09774
9391,R09780
9392,R09780
9393,R09781
9394,R09782
9395,R09783
9397,R09785
9398,R09786
9399,R09787
9400,R09787
9401,R09788
9402,R09789
9403,R09790
9404,R09791
9405,R09792
9406,R09793
9407,R09794
9408,R09795
9409,R09796
9410,R09797
9412,R09806
9413,R09807
9414,R09808
9415,R09809
9416,R09810
9417,R09811
9418,R09812
9419,R09813
9420,R09814
9421,R09815
9422,R09816
9423,R09817
9424,R09818
9426,R09820
9428,R09821
9429,R09822
9430,R09823
9434,R09827
9435,R09827
9436,R09828
9437,R09829
9438,R09830
9440,R09832
9441,R09833
9442,R09834
9443,R09835
9444,R09835
9445,R09836
9447,R09837
9448,R09838
9449,R09839
9450,R09839
9451,R09839
9452,R09841
9453,R09842
9454,R09843
9455,R09844
9456,R09844
9458,R09859
9459,R09860
9460,R09861
9461,R09862
9462,R09863
9463,R09864
9464,R09865
9465,R09866
9466,R09867
9467,R09868
9468,R09870
9469,R09871
9470,R09872
9471,R09873
9472,R09874
9476,R09876
9477,R09877
9478,R09879
9479,R09880
9480,R09881
9481,R09882
9483,R09884
9484,R09886
9485,R09886
9486,R09887
9487,R09888
9488,R09889
9489,R09889
9490,R09890
9491,R09891
9492,R09892
9493,R09893
9494,R09894
9495,R09895
9496,R09896
9497,R09897
9498,R09898
9499,R09899
9500,R09899
9501,R09900
9502,R09901
9503,R09902
9504,R09903
9506,R09905
9507,R09905
9508,R09906
9509,R09907
9510,R09908
9511,R09909
9512,R09910
9513,R09911
9514,R09912
9515,R09912
9516,R09913
9517,R09914
9518,R09914
9519,R09915
9520,R09916
9521,R09917
9522,R09918
9523,R09920
9524,R09920
9525,R09921
9526,R09922
9527,R09923
9528,R09924
9529,R09925
9530,R09926
9531,R09927
9532,R09928
9533,R09929
9534,R09930
9535,R09931
9536,R09932
9537,R09933
9538,R09934
9539,R09935
9540,R09936
9541,R09937
9542,R09938
9543,R09939
9544,R09940
9545,R09941
9546,R09942
9547,R09943
9548,R09944
9549,R09945
9550,R09946
9551,R09947
9552,R09948
9553,R09949
9554,R09950
9555,R09951
9556,R09951
9557,R09952
9558,R09953
9559,R09954
9560,R09955
9561,R09956
9562,R09957
9563,R09958
9564,R09959
9565,R09959
9566,R09960
9567,R09961
9568,R09962
9569,R09963
9570,R09964
9571,R09965
9572,R09966
9573,R09967
9574,R09968
9575,R09969
9576,R09970
9577,R09971
9578,R09972
9579,R09973
9580,R09974
9581,R09975
9582,R09976
9583,R09977
9584,R09978
9586,R09980
9587,R09984
9588,R09985
9589,R09986
9590,R09987
9591,R09988
9592,R09989
9593,R09990
9594,R09991
9595,R09992
9599,R09995
9600,R09997
9601,R09998
9602,R09998
9603,R09999
9604,R09999
9605,R10000
9606,R10000
9607,R10000
9608,R10000
9609,R10001
9610,R10002
9612,R10004
9613,R10005
9614,R10006
9615,R10007
9616,R10008
9617,R10009
9618,R10010
9619,R10014
9620,R10015
9621,R10016
9622,R10017
9623,R10021
9624,R10023
9625,R10024
9626,R10025
9627,R10026
9628,R10027
9629,R10027
9630,R10028
9631,R10028
9632,R10029
9633,R10029
9634,R10031
9635,R10031
9636,R10032
9637,R10032
9638,R10033
9639,R10033
9641,R10037
9644,R10044
9645,R10045
9647,R10047
9648,R10048
9650,R10049
9652,R10050
9654,R10052
9655,R10053
9656,R10054
9658,R10056
9659,R10057
9660,R10058
9662,R10060
9663,R10061
9664,R10062
9665,R10063
9667,R10065
9668,R10065
9669,R10066
9670,R10067
9671,R10068
9672,R10069
9673,R10070
9674,R10071
9675,R10072
9676,R10073
9678,R10075
9679,R10076
9680,R10077
9681,R10078
9682,R10079
9683,R10080
9684,R10081
9685,R10082
9686,R10083
9687,R10084
9688,R10085
9689,R10086
9694,R10092
9699,R10095
9700,R10096
9701,R10096
9702,R10098
9703,R10099
9704,R10100
9705,R10101
9706,R10102
9708,R10104
9709,R10105
9710,R10106
9711,R10107
9712,R10108
9713,R10109
9714,R10110
9715,R10111
9716,R10112
9717,R10113
9718,R10114
9719,R10115
9720,R10115
9721,R10116
9722,R10117
9723,R10118
9724,R10118
9725,R10119
9726,R10119
9727,R10120
9728,R10121
9729,R10122
9730,R10122
9731,R10123
9732,R10124
9733,R10128
9734,R10129
9735,R10130
9736,R10131
9737,R10132
9741,R10137
9742,R10138
9743,R10138
9744,R10139
9745,R10139
9746,R10140
9748,R10142
9749,R10143
9750,R10144
9751,R10145
9753,R10153
9754,R10154
9755,R10155
9756,R10156
9757,R10157
9758,R10158
9759,R10159
9760,R10159
9761,R10160
9762,R10161
9763,R10162
9765,R10164
9766,R10165
9767,R10166
9768,R10167
9769,R10168
9770,R10169
9771,R10170
9772,R10170
9773,R10171
9774,R10172
9775,R10173
9776,R10174
9777,R10175
9778,R10176
9779,R10177
9783,R10181
9784,R10182
9785,R10183
9786,R10184
9787,R10185
9788,R10186
9790,R10188
9791,R10189
9792,R10189
9793,R10190
9794,R10190
9795,R10191
9796,R10192
9797,R10193
9798,R10194
9799,R10195
9800,R10196
9801,R10197
9802,R10198
9803,R10199
9804,R10200
9805,R10201
9806,R10204
9807,R10205
9810,R10207
9811,R10207
9812,R10208
9813,R10209
9814,R10212
9815,R10216
9816,R10219
9817,R10221
9818,R10221
9819,R10221
9820,R10222
9821,R10223
9828,R10230
9829,R10231
9830,R10232
9831,R10233
9832,R10234
9833,R10235
9834,R10235
9835,R10236
9836,R10237
9837,R10238
9838,R10239
9839,R10240
9840,R10241
9841,R10242
9842,R10242
9843,R10243
9844,R10243
9845,R10243
9846,R10244
9848,R10245
9849,R10246
9850,R10247
9851,R10248
9852,R10249
9853,R10250
9854,R10251
9855,R10252
9856,R10255
9857,R10256
9858,R10257
9859,R10258
9860,R10259
9861,R10260
9862,R10261
9863,R10262
9864,R10263
9865,R10264
9866,R10265
9867,R10266
9868,R10267
9869,R10268
9870,R10269
9871,R10270
9872,R10271
9873,R10272
9874,R10273
9875,R10274
9876,R10275
9877,R10276
9878,R10277
9879,R10278
9880,R10279
9884,R10283
9885,R10283
9886,R10284
9887,R10285
9888,R10286
9889,R10287
9890,R10288
9891,R10289
9892,R10290
9893,R10291
9894,R10292
9895,R10293
9896,R10294
9897,R10295
9898,R10296
9899,R10297
9900,R10298
9901,R10299
9902,R10301
9903,R10303
9904,R10304
9905,R10306
9906,R10307
9907,R10308
9908,R10308
9909,R10309
9910,R10310
9911,R10311
9912,R10312
9913,R10313
9914,R10314
9915,R10315
9916,R10316
9917,R10317
9918,R10318
9919,R10319
9920,R10320
9921,R10321
9922,R10322
9924,R10324
9925,R10325
9926,R10325
9927,R10326
9928,R10326
9932,R10330
9933,R10331
9934,R10331
9936,R10333
9940,R10337
9941,R10338
9942,R10339
9943,R10340
9944,R10341
9945,R10342
9947,R10344
9948,R10345
9950,R10347
9951,R10348
9952,R10385
9953,R10388
9954,R10389
9955,R10390
9956,R10390
9957,R10390
9958,R10391
9959,R10392
9960,R10393
9961,R10394
9962,R10395
9963,R10396
9965,R10399
9966,R10400
9968,R10402
9969,R10402
9970,R10403
9971,R10407
9972,R10408
9973,R10411
9974,R10412
9975,R10413
9976,R10414
9977,R10415
9979,R10417
9980,R10418
9981,R10419
9982,R10420
9983,R10421
9984,R10422
9985,R10422
9986,R10422
9987,R10423
9988,R10423
9989,R10423
9990,R10424
9991,R10425
9992,R10426
9993,R10427
9994,R10428
9995,R10429
9996,R10430
9997,R10431
9998,R10432
9999,R10433
10000,R10434
10001,R10435
10002,R10436
10003,R10438
10004,R10439
10005,R10440
10006,R10441
10007,R10442
10008,R10443
10009,R10444
10010,R10445
10011,R10446
10012,R10447
10013,R10448
10014,R10449
10015,R10450
10016,R10451
10017,R10452
10019,R10454
10020,R10455
10021,R10456
10022,R10457
10025,R10462
10026,R10463
10027,R10464
10028,R10465
10029,R10466
10030,R10467
10031,R10468
10032,R10469
10034,R10472
10035,R10473
10036,R10474
10037,R10475
10038,R10475
10039,R10484
10040,R10485
10041,R10486
10042,R10487
10044,R10491
10045,R10492
10046,R10493
10049,R10496
10050,R10497
10051,R10497
10052,R10498
10053,R10498
10054,R10501
10055,R10504
10056,R10508
10057,R10508
10058,R10509
10059,R10510
10061,R10512
10062,R10514
10064,R10516
10068,R10519
10069,R10520
10070,R10521
10071,R10522
10072,R10523
10073,R10524
10074,R10525
10075,R10526
10076,R10527
10077,R10528
10078,R10529
10080,R10531
10081,R10532
10082,R10533
10083,R10534
10084,R10535
10085,R10536
10087,R10538
10088,R10539
10089,R10540
10091,R10542
10095,R10546
10096,R10547
10098,R10549
10099,R10550
10101,R10552
10102,R10553
10103,R10553
10104,R10554
10105,R10555
10107,R10557
10108,R10558
10109,R10558
10110,R10559
10111,R10560
10112,R10561
10113,R10563
10114,R10572
10115,R10573
10116,R10574
10117,R10575
10118,R10576
10119,R10577
10120,R10578
10126,R10584
10127,R10585
10128,R10585
10129,R10586
10130,R10586
10131,R10587
10132,R10587
10133,R10588
10134,R10589
10135,R10590
10136,R10591
10137,R10592
10138,R10593
10139,R10594
10140,R10595
10141,R10596
10142,R10597
10143,R10597
10144,R10598
10145,R10598
10146,R10598
10147,R10599
10148,R10599
10149,R10599
10151,R10602
10152,R10603
10153,R10605
10154,R10606
10155,R10607
10156,R10608
10157,R10609
10158,R10610
10159,R10611
10160,R10612
10161,R10612
10162,R10613
10164,R10615
10165,R10616
10166,R10616
10167,R10617
10168,R10619
10169,R10620
10170,R10621
10171,R10622
10172,R10623
10173,R10624
10174,R10625
10175,R10626
10176,R10627
10177,R10628
10192,R10645
10193,R10646
10194,R10647
10195,R10648
10197,R10649
10198,R10650
10199,R10651
10200,R10652
10201,R10653
10202,R10654
10203,R10655
10204,R10656
10205,R10657
10206,R10657
10207,R10658
10208,R10658
10209,R10659
10211,R10662
10212,R10663
10213,R10664
10214,R10665
10215,R10666
10216,R10667
10220,R10671
10221,R10673
10222,R10674
10223,R10675
10224,R10676
10232,R10680
10233,R10681
10241,R10695
10243,R10697
10246,R10700
10247,R10706
10248,R10706
10249,R10706
10250,R10707
10251,R10708
10252,R10708
10253,R10709
10254,R10710
10255,R10712
10256,R10712
10257,R10712
10260,R10715
10261,R10716
10262,R10716
10263,R10716
10264,R10717
10265,R10719
10266,R10719
10267,R10720
10269,R10722
10270,R10723
10271,R10724
10272,R10725
10273,R10726
10274,R10727
10275,R10728
10276,R10729
10279,R10732
10280,R10733
10281,R10734
10282,R10757
10283,R10760
10284,R10761
10285,R10762
10286,R10763
10287,R10764
10288,R10765
10289,R10766
10296,R10773
10297,R10774
10298,R10775
10299,R10776
10300,R10777
10301,R10778
10302,R10779
10303,R10780
10304,R10782
10305,R10782
10306,R10783
10308,R10785
10309,R10786
10310,R10787
10311,R10789
10312,R10789
10313,R10790
10314,R10791
10315,R10792
10316,R10793
10317,R10794
10318,R10795
10319,R10796
10320,R10797
10321,R10798
10322,R10799
10323,R10800
10324,R10801
10325,R10802
10326,R10803
10327,R10804
10328,R10805
10329,R10806
10330,R10806
10331,R10807
10333,R10810
10334,R10811
10335,R10811
10336,R10812
10337,R10813
10338,R10814
10339,R10815
10340,R10815
10341,R10817
10342,R10817
10343,R10818
10344,R10818
10345,R10819
10354,R10824
10355,R10825
10356,R10826
10357,R10826
10358,R10827
10359,R10828
10360,R10829
10361,R10829
10364,R10832
10365,R10833
10366,R10834
10367,R10835
10368,R10836
10369,R10837
10370,R10838
10371,R10839
10372,R10840
10373,R10841
10374,R10842
10375,R10843
10376,R10844
10379,R10848
10380,R10849
10381,R10851
10382,R10852
10383,R10853
10384,R10854
10385,R10855
10386,R10856
10387,R10857
10388,R10858
10389,R10859
10390,R10859
10391,R10860
10392,R10861
10393,R10862
10394,R10866
10395,R10868
10396,R10869
10406,R10873
