rxns,metal
R00036,zn
R00086,zn
R00132,zn
R00135,zn
R00148,zn
R00161,zn
R00184,zn
R00228,zn
R00275,zn
R00297,zn
R00318,zn
R00344,zn
R00353,zn
R00549,zn
R00614,zn
R00623,zn
R00624,zn
R00625,zn
R00626,zn
R00649,zn
R00669,zn
R00746,zn
R00754,zn
R00762,zn
R00772,zn
R00885,zn
R00899,zn
R00919,zn
R00930,zn
R00946,zn
R01010,zn
R01041,zn
R01068,zn
R01070,zn
R01096,zn
R01166,zn
R01172,zn
R01217,zn
R01263,zn
R01312,zn
R01481,zn
R01553,zn
R01581,zn
R01819,zn
R01829,zn
R01878,zn
R01931,zn
R01992,zn
R02027,zn
R02029,zn
R02052,zn
R02075,zn
R02076,zn
R02124,zn
R02139,zn
R02182,zn
R02192,zn
R02239,zn
R02364,zn
R02485,zn
R02551,zn
R02568,zn
R02670,zn
R02739,zn
R02740,zn
R02811,zn
R02878,zn
R02882,zn
R02903,zn
R03024,zn
R03045,zn
R03057,zn
R03105,zn
R03106,zn
R03274,zn
R03321,zn
R03332,zn
R03673,zn
R03763,zn
R03764,zn
R03870,zn
R04286,zn
R04405,zn
R04428,zn
R04535,zn
R04537,zn
R04544,zn
R04568,zn
R04587,zn
R04598,zn
R04599,zn
R04600,zn
R04601,zn
R04620,zn
R04772,zn
R04780,zn
R04805,zn
R04880,zn
R04951,zn
R04954,zn
R04965,zn
R05147,zn
R05231,zn
R05233,zn
R05234,zn
R05571,zn
R05679,zn
R05680,zn
R05759,zn
R05761,zn
R05762,zn
R06421,zn
R06422,zn
R06917,zn
R06927,zn
R06983,zn
R07105,zn
R07140,zn
R07147,zn
R07157,zn
R07303,zn
R07328,zn
R07381,zn
R07459,zn
R07607,zn
R07651,zn
R07984,zn
R08034,zn
R08221,zn
R08281,zn
R08306,zn
R08310,zn
R08499,zn
R08538,zn
R08557,zn
R08558,zn
R08568,zn
R08892,zn
R08991,zn
R08993,zn
R09124,zn
R09156,zn
R09286,zn
R09317,zn
R09358,zn
R09365,zn
R09488,zn
R09518,zn
R09519,zn
R09552,zn
R09553,zn
R09644,zn
R09651,zn
R09681,zn
R09721,zn
R09726,zn
R09735,zn
R09844,zn
R09876,zn
R09879,zn
R09880,zn
R09926,zn
R09927,zn
R09928,zn
R09929,zn
R09959,zn
R09964,zn
R09978,zn
R09998,zn
R09999,zn
R10000,zn
R10021,zn
R10049,zn
R10050,zn
R10092,zn
R10130,zn
R10205,zn
R10223,zn
R10344,zn
R10345,zn
R10348,zn
R10534,zn
R10535,zn
R10538,zn
R10553,zn
R10777,zn
R10783,zn
R00002,mg
R00036,mg
R00067,mg
R00085,mg
R00086,mg
R00122,mg
R00153,mg
R00155,mg
R00159,mg
R00161,mg
R00173,mg
R00184,mg
R00191,mg
R00237,mg
R00267,mg
R00268,mg
R00283,mg
R00289,mg
R00307,mg
R00315,mg
R00328,mg
R00335,mg
R00347,mg
R00425,mg
R00426,mg
R00473,mg
R00502,mg
R00514,mg
R00549,mg
R00569,mg
R00614,mg
R00662,mg
R00702,mg
R00709,mg
R00719,mg
R00720,mg
R00740,mg
R00766,mg
R00805,mg
R00855,mg
R00878,mg
R00934,mg
R00961,mg
R01054,mg
R01123,mg
R01307,mg
R01353,mg
R01381,mg
R01432,mg
R01471,mg
R01492,mg
R01538,mg
R01625,mg
R01716,mg
R01717,mg
R01855,mg
R01899,mg
R01911,mg
R01917,mg
R01918,mg
R01974,mg
R02007,mg
R02009,mg
R02010,mg
R02013,mg
R02029,mg
R02092,mg
R02095,mg
R02100,mg
R02239,mg
R02261,mg
R02307,mg
R02311,mg
R02319,mg
R02451,mg
R02494,mg
R02720,mg
R02728,mg
R02794,mg
R02802,mg
R02858,mg
R02859,mg
R02872,mg
R02931,mg
R02996,mg
R03033,mg
R03077,mg
R03161,mg
R03363,mg
R03531,mg
R03595,mg
R03932,mg
R04031,mg
R04053,mg
R04158,mg
R04162,mg
R04275,mg
R04286,mg
R04372,mg
R04469,mg
R04507,mg
R04513,mg
R04520,mg
R04571,mg
R04580,mg
R04782,mg
R04870,mg
R05164,mg
R05185,mg
R05186,mg
R05220,mg
R05225,mg
R05327,mg
R05338,mg
R05339,mg
R05496,mg
R05553,mg
R05633,mg
R05634,mg
R05637,mg
R05651,mg
R05688,mg
R05735,mg
R05739,mg
R05744,mg
R05758,mg
R05759,mg
R05765,mg
R05766,mg
R05768,mg
R05789,mg
R05790,mg
R05794,mg
R05804,mg
R05805,mg
R05842,mg
R06068,mg
R06073,mg
R06131,mg
R06211,mg
R06223,mg
R06284,mg
R06298,mg
R06301,mg
R06312,mg
R06313,mg
R06314,mg
R06315,mg
R06421,mg
R06422,mg
R06520,mg
R06521,mg
R06522,mg
R06564,mg
R06602,mg
R06620,mg
R06870,mg
R06871,mg
R07108,mg
R07109,mg
R07110,mg
R07111,mg
R07125,mg
R07268,mg
R07281,mg
R07299,mg
R07306,mg
R07307,mg
R07409,mg
R07476,mg
R07500,mg
R07582,mg
R07630,mg
R07631,mg
R07632,mg
R07647,mg
R07648,mg
R07649,mg
R07722,mg
R07770,mg
R07771,mg
R07798,mg
R07830,mg
R08057,mg
R08058,mg
R08117,mg
R08165,mg
R08166,mg
R08195,mg
R08196,mg
R08199,mg
R08200,mg
R08201,mg
R08370,mg
R08396,mg
R08528,mg
R08543,mg
R08733,mg
R08738,mg
R08743,mg
R08782,mg
R08845,mg
R08898,mg
R08900,mg
R08946,mg
R08947,mg
R08948,mg
R08951,mg
R08952,mg
R08956,mg
R08962,mg
R08966,mg
R08967,mg
R08968,mg
R08982,mg
R08991,mg
R08993,mg
R09040,mg
R09057,mg
R09058,mg
R09067,mg
R09084,mg
R09085,mg
R09086,mg
R09140,mg
R09245,mg
R09246,mg
R09280,mg
R09289,mg
R09484,mg
R09485,mg
R09487,mg
R09488,mg
R09538,mg
R09553,mg
R09558,mg
R09592,mg
R09593,mg
R09615,mg
R09617,mg
R09623,mg
R09630,mg
R09636,mg
R09644,mg
R09663,mg
R09664,mg
R09681,mg
R09684,mg
R09685,mg
R09694,mg
R09714,mg
R09715,mg
R09717,mg
R09718,mg
R09726,mg
R09735,mg
R09780,mg
R09786,mg
R09798,mg
R09822,mg
R09832,mg
R09843,mg
R09844,mg
R09879,mg
R09880,mg
R09887,mg
R09890,mg
R09891,mg
R09893,mg
R09896,mg
R09900,mg
R09901,mg
R09902,mg
R09944,mg
R09945,mg
R09959,mg
R09964,mg
R09965,mg
R09967,mg
R09969,mg
R09970,mg
R09971,mg
R09974,mg
R10002,mg
R10006,mg
R10090,mg
R10091,mg
R10095,mg
R10175,mg
R10187,mg
R10231,mg
R10235,mg
R10337,mg
R10433,mg
R10442,mg
R10443,mg
R10452,mg
R10464,mg
R10509,mg
R10525,mg
R10537,mg
R10612,mg
R10613,mg
R10708,mg
R10763,mg
R10772,mg
R10815,mg
R10820,mg
R10841,mg
R10842,mg
R00184,co
R00353,co
R00411,co
R00930,co
R01211,co
R01492,co
R01518,co
R01569,co
R01645,co
R01647,co
R01664,co
R01968,co
R02088,co
R02102,co
R02412,co
R02413,co
R02551,co
R02782,co
R02858,co
R02882,co
R03083,co
R03084,co
R03460,co
R04384,co
R04594,co
R05150,co
R05177,co
R05180,co
R05220,co
R05224,co
R05227,co
R05659,co
R05688,co
R05805,co
R05807,co
R05809,co
R05812,co
R05813,co
R05814,co
R05815,co
R06870,co
R06871,co
R07268,co
R07636,co
R07772,co
R07773,co
R07774,co
R07775,co
R08195,co
R08196,co
R08200,co
R08538,co
R08617,co
R08898,co
R08900,co
R08967,co
R08993,co
R09084,co
R09085,co
R09086,co
R09098,co
R09124,co
R09394,co
R09551,co
R09558,co
R09598,co
R09599,co
R09663,co
R09664,co
R09681,co
R09683,co
R09684,co
R09717,co
R09718,co
R09841,co
R09879,co
R09880,co
R09952,co
R09997,co
R09998,co
R09999,co
R10000,co
R10001,co
R10014,co
R10015,co
R10016,co
R10017,co
R10553,co
R10621,co
R10776,co
R10817,co
R10818,co
R00002,fe
R00019,fe
R00032,fe
R00036,fe
R00043,fe
R00044,fe
R00067,fe
R00069,fe
R00078,fe
R00086,fe
R00092,fe
R00111,fe
R00134,fe
R00148,fe
R00153,fe
R00162,fe
R00220,fe
R00275,fe
R00281,fe
R00283,fe
R00294,fe
R00295,fe
R00311,fe
R00339,fe
R00340,fe
R00481,fe
R00519,fe
R00557,fe
R00558,fe
R00590,fe
R00602,fe
R00700,fe
R00781,fe
R00787,fe
R00789,fe
R00790,fe
R00791,fe
R00794,fe
R00796,fe
R00798,fe
R00817,fe
R00823,fe
R00825,fe
R00859,fe
R00860,fe
R00861,fe
R00893,fe
R00977,fe
R00980,fe
R00996,fe
R01078,fe
R01106,fe
R01115,fe
R01184,fe
R01217,fe
R01252,fe
R01291,fe
R01295,fe
R01306,fe
R01324,fe
R01325,fe
R01372,fe
R01412,fe
R01414,fe
R01442,fe
R01443,fe
R01631,fe
R01632,fe
R01636,fe
R01689,fe
R01720,fe
R01768,fe
R01769,fe
R01795,fe
R01803,fe
R01814,fe
R01815,fe
R01816,fe
R01869,fe
R01900,fe
R02000,fe
R02017,fe
R02018,fe
R02019,fe
R02024,fe
R02103,fe
R02107,fe
R02156,fe
R02160,fe
R02161,fe
R02163,fe
R02164,fe
R02165,fe
R02166,fe
R02222,fe
R02252,fe
R02277,fe
R02365,fe
R02397,fe
R02444,fe
R02445,fe
R02450,fe
R02451,fe
R02467,fe
R02509,fe
R02519,fe
R02521,fe
R02584,fe
R02596,fe
R02656,fe
R02665,fe
R02670,fe
R02681,fe
R02802,fe
R02827,fe
R02864,fe
R02965,fe
R02968,fe
R03009,fe
R03025,fe
R03031,fe
R03069,fe
R03126,fe
R03161,fe
R03165,fe
R03194,fe
R03218,fe
R03219,fe
R03253,fe
R03303,fe
R03306,fe
R03376,fe
R03380,fe
R03451,fe
R03462,fe
R03466,fe
R03532,fe
R03543,fe
R03549,fe
R03550,fe
R03559,fe
R03590,fe
R03599,fe
R03600,fe
R03626,fe
R03630,fe
R03640,fe
R03683,fe
R03698,fe
R03728,fe
R03737,fe
R03763,fe
R03764,fe
R03794,fe
R03806,fe
R03807,fe
R03812,fe
R03814,fe
R03891,fe
R03896,fe
R03898,fe
R03919,fe
R03947,fe
R03950,fe
R03968,fe
R04001,fe
R04007,fe
R04015,fe
R04044,fe
R04061,fe
R04073,fe
R04102,fe
R04117,fe
R04258,fe
R04280,fe
R04292,fe
R04294,fe
R04376,fe
R04392,fe
R04425,fe
R04433,fe
R04455,fe
R04461,fe
R04491,fe
R04597,fe
R04602,fe
R04710,fe
R04731,fe
R04782,fe
R04927,fe
R05039,fe
R05097,fe
R05126,fe
R05127,fe
R05144,fe
R05158,fe
R05183,fe
R05185,fe
R05186,fe
R05202,fe
R05217,fe
R05229,fe
R05245,fe
R05246,fe
R05261,fe
R05262,fe
R05263,fe
R05264,fe
R05290,fe
R05291,fe
R05299,fe
R05316,fe
R05318,fe
R05405,fe
R05414,fe
R05422,fe
R05423,fe
R05424,fe
R05425,fe
R05426,fe
R05427,fe
R05428,fe
R05466,fe
R05468,fe
R05469,fe
R05496,fe
R05499,fe
R05500,fe
R05501,fe
R05621,fe
R05622,fe
R05665,fe
R05721,fe
R05722,fe
R05739,fe
R05740,fe
R05743,fe
R05753,fe
R05778,fe
R05857,fe
R05884,fe
R06131,fe
R06244,fe
R06246,fe
R06247,fe
R06282,fe
R06312,fe
R06313,fe
R06314,fe
R06315,fe
R06322,fe
R06323,fe
R06326,fe
R06336,fe
R06539,fe
R06551,fe
R06632,fe
R06788,fe
R06833,fe
R06839,fe
R06909,fe
R06930,fe
R06937,fe
R06952,fe
R06953,fe
R07057,fe
R07063,fe
R07157,fe
R07158,fe
R07159,fe
R07160,fe
R07181,fe
R07182,fe
R07184,fe
R07185,fe
R07186,fe
R07187,fe
R07188,fe
R07211,fe
R07212,fe
R07213,fe
R07214,fe
R07218,fe
R07219,fe
R07221,fe
R07222,fe
R07229,fe
R07237,fe
R07238,fe
R07277,fe
R07294,fe
R07329,fe
R07363,fe
R07364,fe
R07365,fe
R07367,fe
R07368,fe
R07392,fe
R07393,fe
R07394,fe
R07395,fe
R07409,fe
R07443,fe
R07460,fe
R07633,fe
R07638,fe
R07657,fe
R07704,fe
R07709,fe
R07710,fe
R07767,fe
R07768,fe
R07827,fe
R07864,fe
R07869,fe
R07933,fe
R07939,fe
R07942,fe
R07954,fe
R07955,fe
R07956,fe
R07957,fe
R07958,fe
R07961,fe
R07962,fe
R07965,fe
R07966,fe
R07967,fe
R07968,fe
R07969,fe
R07970,fe
R07973,fe
R07974,fe
R07975,fe
R07976,fe
R07977,fe
R07978,fe
R07979,fe
R07984,fe
R07993,fe
R07996,fe
R07997,fe
R08034,fe
R08035,fe
R08081,fe
R08082,fe
R08100,fe
R08101,fe
R08108,fe
R08109,fe
R08110,fe
R08114,fe
R08115,fe
R08203,fe
R08204,fe
R08209,fe
R08210,fe
R08235,fe
R08363,fe
R08364,fe
R08433,fe
R08553,fe
R08566,fe
R08567,fe
R08571,fe
R08610,fe
R08611,fe
R08620,fe
R08624,fe
R08628,fe
R08634,fe
R08641,fe
R08645,fe
R08677,fe
R08678,fe
R08681,fe
R08689,fe
R08698,fe
R08784,fe
R08863,fe
R08921,fe
R09032,fe
R09071,fe
R09095,fe
R09125,fe
R09134,fe
R09151,fe
R09152,fe
R09156,fe
R09159,fe
R09272,fe
R09317,fe
R09363,fe
R09402,fe
R09466,fe
R09489,fe
R09493,fe
R09497,fe
R09503,fe
R09504,fe
R09508,fe
R09510,fe
R09511,fe
R09512,fe
R09518,fe
R09519,fe
R09541,fe
R09555,fe
R09565,fe
R09566,fe
R09572,fe
R09601,fe
R09669,fe
R09670,fe
R09682,fe
R09684,fe
R09786,fe
R09787,fe
R09860,fe
R09952,fe
R09991,fe
R10056,fe
R10080,fe
R10083,fe
R10084,fe
R10085,fe
R10090,fe
R10091,fe
R10106,fe
R10107,fe
R10108,fe
R10170,fe
R10230,fe
R10233,fe
R10243,fe
R10312,fe
R10322,fe
R10324,fe
R10344,fe
R10345,fe
R10348,fe
R10390,fe
R10413,fe
R10415,fe
R10445,fe
R10446,fe
R10468,fe
R10487,fe
R10501,fe
R10510,fe
R10512,fe
R10521,fe
R10522,fe
R10527,fe
R10539,fe
R10542,fe
R10557,fe
R10558,fe
R10559,fe
R10560,fe
R10572,fe
R10576,fe
R10577,fe
R10578,fe
R10602,fe
R10603,fe
R10652,fe
R10653,fe
R10654,fe
R10722,fe
R10724,fe
R10761,fe
R10766,fe
R10782,fe
R10802,fe
R10859,fe
R00031,cu
R00045,cu
R00058,cu
R00068,cu
R00074,cu
R00078,cu
R00080,cu
R00081,cu
R00082,cu
R00083,cu
R00086,cu
R00143,cu
R00148,cu
R00275,cu
R00280,cu
R00731,cu
R00783,cu
R00784,cu
R00785,cu
R01098,cu
R01099,cu
R01151,cu
R01372,cu
R01522,cu
R01853,cu
R02078,cu
R02106,cu
R02150,cu
R02156,cu
R02173,cu
R02338,cu
R02363,cu
R02382,cu
R02383,cu
R02521,cu
R02529,cu
R02535,cu
R02612,cu
R02613,cu
R02670,cu
R02882,cu
R02950,cu
R02987,cu
R03139,cu
R03666,cu
R03912,cu
R04027,cu
R04039,cu
R04300,cu
R04674,cu
R04693,cu
R04884,cu
R05334,cu
R05759,cu
R06133,cu
R06154,cu
R06604,cu
R06740,cu
R07224,cu
R07225,cu
R07638,cu
R07981,cu
R08005,cu
R08008,cu
R08009,cu
R08010,cu
R08433,cu
R08538,cu
R08762,cu
R08763,cu
R09156,cu
R09317,cu
R09445,cu
R09473,cu
R09492,cu
R09504,cu
R09518,cu
R09519,cu
R09551,cu
R10243,cu
R10444,cu
R10720,cu
R00009,mn
R00025,mn
R00074,mn
R00086,mn
R00093,mn
R00097,mn
R00106,mn
R00111,mn
R00114,mn
R00135,mn
R00161,mn
R00184,mn
R00191,mn
R00196,mn
R00199,mn
R00215,mn
R00217,mn
R00248,mn
R00267,mn
R00268,mn
R00273,mn
R00275,mn
R00277,mn
R00278,mn
R00282,mn
R00283,mn
R00289,mn
R00319,mn
R00340,mn
R00344,mn
R00347,mn
R00473,mn
R00475,mn
R00502,mn
R00507,mn
R00522,mn
R00549,mn
R00557,mn
R00558,mn
R00602,mn
R00611,mn
R00649,mn
R00657,mn
R00682,mn
R00700,mn
R00702,mn
R00709,mn
R00750,mn
R00766,mn
R00775,mn
R00855,mn
R00899,mn
R00913,mn
R00961,mn
R00975,mn
R00995,mn
R01054,mn
R01123,mn
R01166,mn
R01211,mn
R01260,mn
R01306,mn
R01341,mn
R01348,mn
R01381,mn
R01404,mn
R01471,mn
R01492,mn
R01518,mn
R01577,mn
R01609,mn
R01624,mn
R01626,mn
R01627,mn
R01636,mn
R01645,mn
R01647,mn
R01710,mn
R01711,mn
R01714,mn
R01717,mn
R01751,mn
R01761,mn
R01840,mn
R01842,mn
R01866,mn
R01868,mn
R01869,mn
R01899,mn
R01934,mn
R01936,mn
R01990,mn
R01992,mn
R02009,mn
R02010,mn
R02013,mn
R02065,mn
R02131,mn
R02163,mn
R02166,mn
R02183,mn
R02307,mn
R02351,mn
R02391,mn
R02393,mn
R02423,mn
R02449,mn
R02451,mn
R02501,mn
R02503,mn
R02545,mn
R02670,mn
R02673,mn
R02698,mn
R02782,mn
R02829,mn
R02858,mn
R02860,mn
R02872,mn
R02996,mn
R03077,mn
R03087,mn
R03156,mn
R03163,mn
R03299,mn
R03462,mn
R03532,mn
R03629,mn
R03630,mn
R03681,mn
R03763,mn
R03764,mn
R03824,mn
R03959,mn
R04031,mn
R04053,mn
R04102,mn
R04121,mn
R04218,mn
R04259,mn
R04345,mn
R04355,mn
R04392,mn
R04428,mn
R04430,mn
R04520,mn
R04533,mn
R04534,mn
R04535,mn
R04536,mn
R04537,mn
R04543,mn
R04544,mn
R04566,mn
R04568,mn
R04607,mn
R04615,mn
R04654,mn
R04659,mn
R04725,mn
R04726,mn
R04759,mn
R04761,mn
R04772,mn
R04862,mn
R04951,mn
R04952,mn
R04953,mn
R04954,mn
R04956,mn
R04957,mn
R04959,mn
R04960,mn
R04962,mn
R04963,mn
R04964,mn
R04965,mn
R04967,mn
R04968,mn
R04970,mn
R05102,mn
R05190,mn
R05220,mn
R05245,mn
R05259,mn
R05298,mn
R05300,mn
R05338,mn
R05339,mn
R05341,mn
R05357,mn
R05390,mn
R05391,mn
R05392,mn
R05393,mn
R05399,mn
R05446,mn
R05447,mn
R05449,mn
R05554,mn
R05631,mn
R05633,mn
R05634,mn
R05637,mn
R05659,mn
R05688,mn
R05705,mn
R05706,mn
R05707,mn
R05718,mn
R05758,mn
R05765,mn
R05766,mn
R05794,mn
R05907,mn
R05926,mn
R05927,mn
R05928,mn
R05929,mn
R05962,mn
R05975,mn
R06011,mn
R06013,mn
R06015,mn
R06073,mn
R06120,mn
R06131,mn
R06133,mn
R06138,mn
R06180,mn
R06223,mn
R06421,mn
R06422,mn
R06633,mn
R06635,mn
R06637,mn
R06641,mn
R06643,mn
R06644,mn
R06645,mn
R06701,mn
R06834,mn
R06840,mn
R06870,mn
R06871,mn
R06986,mn
R06989,mn
R07210,mn
R07268,mn
R07270,mn
R07450,mn
R07451,mn
R07455,mn
R07457,mn
R07458,mn
R07612,mn
R07630,mn
R07631,mn
R07632,mn
R07636,mn
R07652,mn
R07827,mn
R07916,mn
R07939,mn
R07946,mn
R07954,mn
R07955,mn
R07956,mn
R07957,mn
R07958,mn
R07961,mn
R07962,mn
R07967,mn
R07968,mn
R07969,mn
R07970,mn
R07973,mn
R07974,mn
R07975,mn
R07976,mn
R08053,mn
R08054,mn
R08055,mn
R08057,mn
R08058,mn
R08066,mn
R08068,mn
R08116,mn
R08119,mn
R08165,mn
R08166,mn
R08195,mn
R08196,mn
R08199,mn
R08200,mn
R08370,mn
R08396,mn
R08528,mn
R08539,mn
R08551,mn
R08599,mn
R08762,mn
R08763,mn
R08785,mn
R08840,mn
R08841,mn
R08845,mn
R08900,mn
R08908,mn
R08947,mn
R08948,mn
R08967,mn
R08991,mn
R08993,mn
R09135,mn
R09215,mn
R09217,mn
R09221,mn
R09229,mn
R09258,mn
R09259,mn
R09269,mn
R09318,mn
R09488,mn
R09517,mn
R09520,mn
R09538,mn
R09550,mn
R09558,mn
R09623,mn
R09636,mn
R09642,mn
R09662,mn
R09663,mn
R09664,mn
R09683,mn
R09684,mn
R09685,mn
R09717,mn
R09718,mn
R09726,mn
R09735,mn
R09748,mn
R09750,mn
R09780,mn
R09793,mn
R09798,mn
R09841,mn
R09879,mn
R09880,mn
R09881,mn
R09882,mn
R09900,mn
R09901,mn
R09902,mn
R09952,mn
R09964,mn
R09969,mn
R09970,mn
R09971,mn
R09974,mn
R10006,mn
R10106,mn
R10107,mn
R10108,mn
R10175,mn
R10177,mn
R10205,mn
R10206,mn
R10235,mn
R10255,mn
R10304,mn
R10337,mn
R10432,mn
R10433,mn
R10441,mn
R10464,mn
R10469,mn
R10508,mn
R10602,mn
R10612,mn
R10613,mn
R10669,mn
R10674,mn
R10682,mn
R10683,mn
R10684,mn
R10700,mn
R10809,mn
R10815,mn
R10817,mn
R10818,mn
R00002,mo
R00067,mo
R00069,mo
R00153,mo
R00519,mo
R00544,mo
R00635,mo
R00638,mo
R00791,mo
R00794,mo
R00796,mo
R00798,mo
R01106,mo
R01709,mo
R01768,mo
R01769,mo
R02103,mo
R02107,mo
R02125,mo
R02165,mo
R02657,mo
R02681,mo
R02802,mo
R03871,mo
R04085,mo
R04782,mo
R04904,mo
R05183,mo
R05185,mo
R05186,mo
R05316,mo
R05496,mo
R05742,mo
R05751,mo
R06954,mo
R07155,mo
R07221,mo
R07222,mo
R07229,mo
R07294,mo
R07514,mo
R07942,mo
R07977,mo
R07978,mo
R07979,mo
R08235,mo
R08349,mo
R08384,mo
R08408,mo
R09394,mo
R09395,mo
R09726,mo
R09735,mo
R09787,mo
R00019,ni
R00086,ni
R00131,ni
R00700,ni
R02789,ni
R02790,ni
R02791,ni
R02965,ni
R03025,ni
R04015,ni
R04455,ni
R04531,ni
R04596,ni
R04659,ni
R05405,ni
R05679,ni
R05680,ni
R05974,ni
R05975,ni
R05978,ni
R06134,ni
R06145,ni
R06153,ni
R06169,ni
R06189,ni
R07157,ni
R07181,ni
R07182,ni
R07363,ni
R07364,ni
R07392,ni
R07393,ni
R07394,ni
R07395,ni
R07798,ni
R08034,ni
R08195,ni
R08196,ni
R08433,ni
R08898,ni
R09079,ni
R09080,ni
R09081,ni
R09082,ni
R09095,ni
R09297,ni
R09317,ni
R09486,ni
R09558,ni
R09681,ni
R09683,ni
R10243,ni
R10390,ni
R10433,ni
R10521,ni
R10531,ni
R10553,ni
R10621,ni
R00134,w
R00326,w
R00544,w
R00638,w
R05380,w
R07158,w
R07159,w
R08571,w
R10531,w
R00002,fes_4Fe_4S
R00067,fes_4Fe_4S
R00093,fes_4Fe_4S
R00114,fes_4Fe_4S
R00153,fes_4Fe_4S
R00248,fes_4Fe_4S
R00256,fes_4Fe_4S
R00296,fes_4Fe_4S
R00481,fes_4Fe_4S
R00790,fes_4Fe_4S
R00858,fes_4Fe_4S
R01078,fes_4Fe_4S
R01195,fes_4Fe_4S
R01196,fes_4Fe_4S
R01197,fes_4Fe_4S
R01199,fes_4Fe_4S
R01324,fes_4Fe_4S
R01325,fes_4Fe_4S
R01588,fes_4Fe_4S
R01900,fes_4Fe_4S
R02000,fes_4Fe_4S
R02511,fes_4Fe_4S
R02550,fes_4Fe_4S
R02802,fes_4Fe_4S
R03031,fes_4Fe_4S
R03444,fes_4Fe_4S
R03472,fes_4Fe_4S
R03543,fes_4Fe_4S
R03559,fes_4Fe_4S
R03562,fes_4Fe_4S
R03678,fes_4Fe_4S
R04292,fes_4Fe_4S
R04371,fes_4Fe_4S
R04425,fes_4Fe_4S
R04540,fes_4Fe_4S
R04782,fes_4Fe_4S
R05185,fes_4Fe_4S
R05186,fes_4Fe_4S
R05247,fes_4Fe_4S
R05261,fes_4Fe_4S
R05262,fes_4Fe_4S
R05263,fes_4Fe_4S
R05264,fes_4Fe_4S
R05266,fes_4Fe_4S
R05288,fes_4Fe_4S
R05316,fes_4Fe_4S
R05380,fes_4Fe_4S
R05442,fes_4Fe_4S
R05443,fes_4Fe_4S
R05496,fes_4Fe_4S
R05666,fes_4Fe_4S
R05745,fes_4Fe_4S
R05875,fes_4Fe_4S
R05884,fes_4Fe_4S
R06282,fes_4Fe_4S
R06782,fes_4Fe_4S
R06783,fes_4Fe_4S
R06895,fes_4Fe_4S
R07155,fes_4Fe_4S
R07157,fes_4Fe_4S
R07161,fes_4Fe_4S
R07219,fes_4Fe_4S
R08034,fes_4Fe_4S
R08209,fes_4Fe_4S
R08210,fes_4Fe_4S
R08547,fes_4Fe_4S
R08583,fes_4Fe_4S
R08689,fes_4Fe_4S
R09053,fes_4Fe_4S
R09060,fes_4Fe_4S
R09092,fes_4Fe_4S
R09151,fes_4Fe_4S
R09152,fes_4Fe_4S
R09227,fes_4Fe_4S
R09396,fes_4Fe_4S
R09481,fes_4Fe_4S
R09486,fes_4Fe_4S
R09494,fes_4Fe_4S
R09500,fes_4Fe_4S
R09501,fes_4Fe_4S
R09502,fes_4Fe_4S
R09513,fes_4Fe_4S
R09542,fes_4Fe_4S
R09720,fes_4Fe_4S
R10002,fes_4Fe_4S
R10010,fes_4Fe_4S
R10153,fes_4Fe_4S
R10159,fes_4Fe_4S
R10204,fes_4Fe_4S
R10246,fes_4Fe_4S
R10391,fes_4Fe_4S
R10392,fes_4Fe_4S
R10393,fes_4Fe_4S
R10394,fes_4Fe_4S
R10395,fes_4Fe_4S
R10396,fes_4Fe_4S
R10455,fes_4Fe_4S
R10516,fes_4Fe_4S
R10552,fes_4Fe_4S
R10645,fes_4Fe_4S
R10646,fes_4Fe_4S
R10647,fes_4Fe_4S
R10649,fes_4Fe_4S
R10650,fes_4Fe_4S
R10651,fes_4Fe_4S
R10652,fes_4Fe_4S
R10653,fes_4Fe_4S
R10654,fes_4Fe_4S
R10782,fes_4Fe_4S
R10859,fes_4Fe_4S
R10866,fes_4Fe_4S
R00069,fes_2Fe_2S
R00111,fes_2Fe_2S
R00276,fes_2Fe_2S
R00544,fes_2Fe_2S
R00557,fes_2Fe_2S
R00558,fes_2Fe_2S
R00635,fes_2Fe_2S
R00638,fes_2Fe_2S
R01078,fes_2Fe_2S
R01115,fes_2Fe_2S
R01195,fes_2Fe_2S
R01709,fes_2Fe_2S
R01768,fes_2Fe_2S
R01769,fes_2Fe_2S
R01803,fes_2Fe_2S
R01869,fes_2Fe_2S
R02000,fes_2Fe_2S
R02103,fes_2Fe_2S
R02107,fes_2Fe_2S
R02125,fes_2Fe_2S
R02163,fes_2Fe_2S
R02550,fes_2Fe_2S
R02657,fes_2Fe_2S
R02968,fes_2Fe_2S
R03543,fes_2Fe_2S
R03559,fes_2Fe_2S
R03562,fes_2Fe_2S
R03678,fes_2Fe_2S
R03817,fes_2Fe_2S
R03818,fes_2Fe_2S
R03871,fes_2Fe_2S
R04085,fes_2Fe_2S
R04366,fes_2Fe_2S
R04698,fes_2Fe_2S
R04904,fes_2Fe_2S
R05148,fes_2Fe_2S
R05247,fes_2Fe_2S
R05261,fes_2Fe_2S
R05262,fes_2Fe_2S
R05263,fes_2Fe_2S
R05264,fes_2Fe_2S
R05266,fes_2Fe_2S
R05288,fes_2Fe_2S
R05414,fes_2Fe_2S
R05422,fes_2Fe_2S
R05423,fes_2Fe_2S
R05424,fes_2Fe_2S
R05425,fes_2Fe_2S
R05426,fes_2Fe_2S
R05427,fes_2Fe_2S
R05442,fes_2Fe_2S
R05443,fes_2Fe_2S
R05666,fes_2Fe_2S
R05739,fes_2Fe_2S
R05751,fes_2Fe_2S
R05875,fes_2Fe_2S
R06782,fes_2Fe_2S
R06783,fes_2Fe_2S
R06909,fes_2Fe_2S
R06930,fes_2Fe_2S
R06937,fes_2Fe_2S
R07221,fes_2Fe_2S
R07409,fes_2Fe_2S
R07704,fes_2Fe_2S
R07709,fes_2Fe_2S
R07710,fes_2Fe_2S
R07942,fes_2Fe_2S
R07977,fes_2Fe_2S
R07978,fes_2Fe_2S
R07979,fes_2Fe_2S
R08235,fes_2Fe_2S
R08349,fes_2Fe_2S
R08384,fes_2Fe_2S
R08408,fes_2Fe_2S
R08409,fes_2Fe_2S
R09151,fes_2Fe_2S
R09152,fes_2Fe_2S
R09159,fes_2Fe_2S
R09227,fes_2Fe_2S
R09473,fes_2Fe_2S
R09512,fes_2Fe_2S
R09513,fes_2Fe_2S
R09515,fes_2Fe_2S
R09516,fes_2Fe_2S
R09787,fes_2Fe_2S
R09922,fes_2Fe_2S
R09923,fes_2Fe_2S
R09924,fes_2Fe_2S
R09925,fes_2Fe_2S
R10048,fes_2Fe_2S
R10106,fes_2Fe_2S
R10107,fes_2Fe_2S
R10108,fes_2Fe_2S
R10159,fes_2Fe_2S
R00021,fes_3Fe_4S
R00093,fes_3Fe_4S
R00114,fes_3Fe_4S
R00248,fes_3Fe_4S
R00256,fes_3Fe_4S
R05751,fes_3Fe_4S
R05884,fes_3Fe_4S
R07219,fes_3Fe_4S
R08209,fes_3Fe_4S
R08210,fes_3Fe_4S
R09787,fes_3Fe_4S
R10086,fes_3Fe_4S
R00019,fes
R00220,fes
R00281,fes
R00283,fes
R00295,fes
R00481,fes
R00519,fes
R00590,fes
R00700,fes
R00787,fes
R00789,fes
R00791,fes
R00794,fes
R00796,fes
R00861,fes
R00977,fes
R00996,fes
R01078,fes
R01217,fes
R01306,fes
R01324,fes
R01325,fes
R01414,fes
R01636,fes
R01689,fes
R01869,fes
R01900,fes
R02163,fes
R02164,fes
R02166,fes
R02252,fes
R02450,fes
R02451,fes
R02965,fes
R02968,fes
R03025,fes
R03031,fes
R03306,fes
R03543,fes
R03559,fes
R03599,fes
R03630,fes
R03896,fes
R03898,fes
R03968,fes
R04001,fes
R04015,fes
R04292,fes
R04392,fes
R04425,fes
R04433,fes
R04455,fes
R04710,fes
R05217,fes
R05261,fes
R05262,fes
R05263,fes
R05264,fes
R05290,fes
R05291,fes
R05316,fes
R05414,fes
R05422,fes
R05423,fes
R05424,fes
R05425,fes
R05426,fes
R05427,fes
R05428,fes
R05499,fes
R05500,fes
R05501,fes
R05621,fes
R05622,fes
R05665,fes
R05753,fes
R05884,fes
R06131,fes
R06909,fes
R06930,fes
R06937,fes
R07158,fes
R07159,fes
R07160,fes
R07181,fes
R07182,fes
R07188,fes
R07219,fes
R07221,fes
R07460,fes
R07704,fes
R07709,fes
R07710,fes
R07767,fes
R07768,fes
R08034,fes
R08035,fes
R08100,fes
R08101,fes
R08108,fes
R08109,fes
R08110,fes
R08209,fes
R08210,fes
R08433,fes
R08566,fes
R08567,fes
R08571,fes
R08620,fes
R08624,fes
R08628,fes
R08634,fes
R08641,fes
R08645,fes
R08681,fes
R08689,fes
R08698,fes
R08921,fes
R09071,fes
R09095,fes
R09151,fes
R09152,fes
R09159,fes
R09317,fes
R09394,fes
R09493,fes
R09497,fes
R09508,fes
R09512,fes
R09555,fes
R09566,fes
R09787,fes
R09860,fes
R10170,fes
R10230,fes
R10243,fes
R10324,fes
R10390,fes
R10501,fes
R10512,fes
R10572,fes
R10603,fes
R10782,fes
R10802,fes
R10859,fes
